id_hex,id_estab,total_2018,input_2018,razao_social,total_2019,input_2019
89a8a06086fffff,02692295000130,1,rais_2017,ALEX MORAES PEREIRA ME,1,rais_2017
89a8a06086fffff,07206816006660,,,,3280,new_estab_2019
89a8a06086fffff,31747069000107,,,,1,new_estab_2019
89a8a06086fffff,49930514290206,27,rais_2017,SODEXO DO BRASIL COMERCIAL S A,20,rais_2017
89a8a06117bffff,00000000065803,7,rais_2017,"BANCO DO BRASIL S A JACARE RIO DE JANEIRO,RJ",7,rais_2017
89a8a06117bffff,00239630000113,34,rais_2017,LAVESTOP AUTO SERVICOS LTDA,38,rais_2017
89a8a06117bffff,01124521000113,1,rais_2017,CONDOMINIO DO EDIFICIO NOSSA SENHORA AUXILIAD,1,rais_2017
89a8a06117bffff,01371259000101,5,rais_2017,CANTINHO DO JACARE LOTERIAS LTDA ME,5,rais_2017
89a8a06117bffff,02270723000136,1,rais_2017,EDNEWS EDITORA E GRAFICA EIRELI ME,1,rais_2017
89a8a06117bffff,02319098000170,3,rais_2017,JULIA IND E COM DE PRODUTOS ALIMENT LTDA,,
89a8a06117bffff,02500264000130,1,rais_2017,QUALYTA LAB EQUIPAMENTOS PARA LABORATORIOS LT,,
89a8a06117bffff,02859962000126,2,rais_2017,E R R S RACOES PARA ANIMAIS LTDA ME,1,rais_2017
89a8a06117bffff,02997431000108,19,rais_2017,DROGARIA PAGUE MENOS DO JACARE LTDA,21,rais_2017
89a8a06117bffff,03216334000195,16,rais_2017,COLEGIO ROSA DE SARON LTDA ME,15,rais_2017
89a8a06117bffff,03216334000276,19,rais_2017,COLEGIO ROSA DE SARON LTDA ME,21,rais_2017
89a8a06117bffff,03443828000102,5,rais_2017,PET SHOP BIDUCAO LTDA ME,4,rais_2017
89a8a06117bffff,03515960000182,6,rais_2017,INDUSTRIA GRAFICA E EDITORA FENIX LTDA EPP,4,rais_2017
89a8a06117bffff,04030361000131,4,rais_2017,PC 2000 MATERIAIS ELETRICOS LTDA,3,rais_2017
89a8a06117bffff,04582822000189,23,rais_2017,JACARE DO MARVI HORTIFRUTIGRANJEIROS LTDA ME,24,rais_2017
89a8a06117bffff,07039139000198,30,rais_2017,COLEGIO JEFFERSONSUZANO LTDA,30,rais_2017
89a8a06117bffff,08725408000132,1,new_estab_2018,FANTASTICA CASA DE MATERIAIS DE CONSTRUCAO EI,,
89a8a06117bffff,08955137000101,7,rais_2017,CENACLIN CENTRO DE ANALISES CLINICAS DA COMU,7,rais_2017
89a8a06117bffff,09399101000151,1,rais_2017,GRVB BAZAR E PAPELARIA EIRELI ME,1,rais_2017
89a8a06117bffff,10492647000131,10,cep_changed_2018,IMPRIMEART GRAFICA EDITORA E PAPELARIA EIRELI,15,cep_changed_2018
89a8a06117bffff,12442220000154,1,rais_2017,VLADIMIR COMERCIO DE AUTO PECAS PARA VEICULOS,1,rais_2017
89a8a06117bffff,12918552000162,3,rais_2017,FJA MIRANDA,4,rais_2017
89a8a06117bffff,14053221000132,1,rais_2017,INTERART CENOGRAFIA E EVENTOS EIRELI EPP,11,rais_2017
89a8a06117bffff,14082397000112,12,rais_2017,J P F CAMPOS RESTAURANTE ME,8,rais_2017
89a8a06117bffff,14161490000112,3,rais_2017,CAFE E BAR NUTRILANCHES LTDA ME,2,rais_2017
89a8a06117bffff,14308652000100,3,rais_2017,BAZAR FASHION LTDA ME,,
89a8a06117bffff,14691688000108,8,rais_2017,DROGARIA IMEDIATA LTDA,6,rais_2017
89a8a06117bffff,17734910000109,1,rais_2017,CASANIER COMERCIO ELETR E SERV LTDA EPP,,
89a8a06117bffff,18186083000110,,,,1,new_estab_2019
89a8a06117bffff,18584049000102,9,rais_2017,UPLIFT ARTIGOS ESPORTIVOS E CULTURA FISICA L,9,rais_2017
89a8a06117bffff,18754340000173,1,new_estab_2018,JUCIARA MOREIRA DE SOUZA 02108136797,,
89a8a06117bffff,19111648000163,2,rais_2017,N V PASSOS BAR ME,,
89a8a06117bffff,20939960000129,1,rais_2017,SALAO JNC CABELEIREIROS EIRELI ME,1,rais_2017
89a8a06117bffff,21406659000112,1,rais_2017,CENIL PEREIRA CABELEIREIROS ME,1,rais_2017
89a8a06117bffff,22368106000185,17,rais_2017,KOMAKI RIO PIZZARIA E RESTAURANTE LTDA ME,12,rais_2017
89a8a06117bffff,29745510000170,16,rais_2017,MONITEX IND E COMERCIO LTDA,17,rais_2017
89a8a06117bffff,29791766000113,,,,1,new_estab_2019
89a8a06117bffff,30068548000134,58,rais_2017,TECMA TECNOLOGIA EM MEIO AMBIENTE LTDA,59,rais_2017
89a8a06117bffff,31111412000122,84,rais_2017,LABORVIDA LABORATORIOS FARMACEUTICOS LTDA.,82,rais_2017
89a8a06117bffff,31210180000674,77,rais_2017,GERMANS DISTRIBUIDORA DE COMESTIVEIS LTDA,96,rais_2017
89a8a06117bffff,32635766000139,,,,17,new_estab_2019
89a8a06117bffff,33241531000125,,,,3,new_estab_2019
89a8a06117bffff,33285255000105,88,rais_2017,CNS-NACIONAL DE SERVICOS LTDA.,3122,rais_2017
89a8a06117bffff,33400532000175,1,rais_2017,CONFER ENGENHARIA LTDA EPP,,
89a8a06117bffff,33467242000149,2,rais_2017,SABOARIA MARACANA LTDA ME,1,rais_2017
89a8a06117bffff,33583592002629,40,rais_2017,ISJB OBRAS PROFISSIONAIS E SOCIAIS SANTA RI,40,rais_2017
89a8a06117bffff,34182105000120,9,rais_2017,CARVALHO DIVERSOES E INDUSTRIA LTDA EPP,7,rais_2017
89a8a06117bffff,42223123000131,21,rais_2017,POSTO VIANENSE DE PETROLEO LTDA.,20,rais_2017
89a8a06117bffff,60701190248149,18,rais_2017,ITAU UNIBANCO S.A.,21,rais_2017
89a8a06117bffff,73688129000108,2,rais_2017,REGU PECAS REG E ACESSORIOS LTDA EPP,2,rais_2017
89a8a06117bffff,73868184000180,2,rais_2017,CONDOMINIO DO EDIFICIO EUCLIDES DE ALMEIDA,2,rais_2017
89a8a06117bffff,97447437000100,6,rais_2017,DCS COMERCIO INDUSTRIA DE PAPEIS E ART LTDA,6,rais_2017
89a8a06187bffff,00000000611310,23,rais_2017,BANCO DO BRASIL S A ESTILO RUA DA ASSEMBLEIA,27,rais_2017
89a8a06187bffff,00092369000171,163,rais_2017,NETCENTER INFORMATICA LTDA,162,rais_2017
89a8a06187bffff,00132741000126,23,rais_2017,BRAZLIMP SERVICOS LTDA ME,19,rais_2017
89a8a06187bffff,00165960001426,39,cep_changed_2018,GOVERNANCABRASIL SA TEC E GESTAO EM SERVICOS,54,cep_changed_2018
89a8a06187bffff,00179022657004,2,rais_2017,ELIANE FRIDMAN,,
89a8a06187bffff,00179131878802,1,rais_2017,MARIA REGINA SANTOS BANHARA,1,cep_changed_2019
89a8a06187bffff,00188766000141,5,rais_2017,FOR SISTEMA DE ILUMIN. E DECORACOES LTDA,6,rais_2017
89a8a06187bffff,00330207000124,1,cep_changed_2018,GRINN SERVICOS DE INFORMATICA E TURISMO LTDA,,
89a8a06187bffff,00500022019307,1,rais_2017,ERIKA MELON BARROSO BRAGA,1,rais_2017
89a8a06187bffff,00500173829907,1,rais_2017,MONICA GERPE SOUTO ESSES,,
89a8a06187bffff,00512016176501,1,rais_2017,ANTONIO RIBEIRO CUINAS E OUTROS ( COND. EDIF,,
89a8a06187bffff,00512243571700,1,new_estab_2018,JOSE MACEIRA FERNANDEZ,1,new_estab_2018
89a8a06187bffff,00726001700296,1,new_estab_2018,LAERCIO GUARCONI,1,new_estab_2018
89a8a06187bffff,00795301000159,,,,3,cep_changed_2019
89a8a06187bffff,01383328000288,,,,12,cep_changed_2019
89a8a06187bffff,01424221000150,6,rais_2017,RIGONI SERVICOS E INFORMATICA LTDA.,6,rais_2017
89a8a06187bffff,01668135700271,,,,1,new_estab_2019
89a8a06187bffff,01710084000110,1,rais_2017,COND.EDIFICIO VIOLETA LIMA E CASTRO,1,rais_2017
89a8a06187bffff,01711231000176,,,,11,cep_changed_2019
89a8a06187bffff,01773668000134,,,,1,cep_changed_2019
89a8a06187bffff,02080308000110,2,rais_2017,MOEDAS MOEDAS NUMISMATICA LTDA ME,2,rais_2017
89a8a06187bffff,02102498000200,11,cep_changed_2018,METROPOLITAN LIFE SEGUROS E PREV PRIVADA S A,12,cep_changed_2018
89a8a06187bffff,02688358000184,9,rais_2017,ELLEGANCE ESCOLA DE COSTURA E MODELAGEM INDUS,5,rais_2017
89a8a06187bffff,02747963000189,3,cep_changed_2018,CIMI EMPREENDIMENTOS E PARTICIPACOES LTDA,,
89a8a06187bffff,02782095000178,5,rais_2017,MC 169 LIVROS LTDA ME,5,rais_2017
89a8a06187bffff,02807372000150,2,rais_2017,FUTURUS TELEMARKETING LTDA,2,rais_2017
89a8a06187bffff,02894242000100,53,rais_2017,NEW IT CLUB VIAGENS E TURISMO LTDA,43,rais_2017
89a8a06187bffff,02911144000125,5,rais_2017,GARRA 167 IND E COM DE ROUPAS LTDA ME,6,rais_2017
89a8a06187bffff,03012276000188,1,cep_changed_2018,INTEGRA CORRETORA DE SEGUROS LTDA ME,2,cep_changed_2019
89a8a06187bffff,03017804000272,67,rais_2017,SENIOR SOLUTION CONSULTORIA EM INFORMATICA LT,23,rais_2017
89a8a06187bffff,03042237000123,1,rais_2017,MCDC COBRANCAS E SERVICOS LTDA ME,1,rais_2017
89a8a06187bffff,03494776012533,7,rais_2017,AMMO VAREJO LTDA SST,8,rais_2017
89a8a06187bffff,04105732000105,3,rais_2017,O PEQUENO MUNDO DOS CDS E BAZAR LTDA ME,3,rais_2017
89a8a06187bffff,04184408000111,3,cep_changed_2018,NOSSO NUCLEO DE CAP. TELEMARKETING,3,cep_changed_2018
89a8a06187bffff,04188681000114,98,cep_changed_2018,"CHALFIN, GOLDBERG, VAINBOIM E FICHTNER A",117,cep_changed_2018
89a8a06187bffff,04266989000130,3,rais_2017,CONDOMINIO DO EDIFICIO V SILVA,2,rais_2017
89a8a06187bffff,04611953000147,6,cep_changed_2018,BRANCO CONSULTORES TRIBUTARIOS LTDA,7,cep_changed_2018
89a8a06187bffff,05146827000121,11,cep_changed_2018,REAL MTSC LTDA ME,12,cep_changed_2018
89a8a06187bffff,05305052000190,7,rais_2017,RIO COLIZEUM FEIRAS SHOPPING EIRELI ME,10,rais_2017
89a8a06187bffff,05372056000190,9,rais_2017,JE COSMETICOS LTDA,9,rais_2017
89a8a06187bffff,05700747000176,6,rais_2017,BERGQVIST ALVAREZ ADVOGADOS,5,rais_2017
89a8a06187bffff,05876349000296,13,rais_2017,AKER SOLUTIONS DO BRASIL LTDA,21,cep_changed_2019
89a8a06187bffff,06965216000178,7,rais_2017,VH HAIR COMERCIO DE COSMETICOS LTDA,,
89a8a06187bffff,06995332000130,2,rais_2017,JEL BELA HAIR SALAO DE BELEZA LTDA,1,rais_2017
89a8a06187bffff,07316530000192,4,rais_2017,RIGONI CONTABILIDADE LTDA.,3,rais_2017
89a8a06187bffff,07387592000195,4,cep_changed_2018,ANENDE AGENCIA NAC DE ENSAIOS NAO DESTRUTIVEI,9,cep_changed_2018
89a8a06187bffff,07486334000166,6,cep_changed_2018,PROOF SERV E COM INFORMATICA LTDA,6,cep_changed_2018
89a8a06187bffff,07598836000189,50,rais_2017,CARLOS MAFRA DE LAET ADVOGADOS,62,rais_2017
89a8a06187bffff,07607461000176,2,rais_2017,TIRADENTES HAIR COMERCIO DE PERUCAS LTDA ME,1,rais_2017
89a8a06187bffff,07656530000131,,,,5,cep_changed_2019
89a8a06187bffff,07673377000150,,,,35,cep_changed_2019
89a8a06187bffff,07674204000157,10,rais_2017,PH TRADING COMERCIO DE PERUCAS LTDA,5,rais_2017
89a8a06187bffff,08071033000134,8,cep_changed_2018,ESPACO QUITANDA TREINAMENTOS DE BELEZA LTDA,6,cep_changed_2018
89a8a06187bffff,08587794000143,13,cep_changed_2018,GAUDIUM DESENVOLVIMENTO DE SOFTWARE LTDA ME,,
89a8a06187bffff,08781764000173,5,rais_2017,ARA TABOADA COMERCIO DE SUPRIMENTOS DE INFORM,3,rais_2017
89a8a06187bffff,08800454000159,,,,536,cep_changed_2019
89a8a06187bffff,09178965000143,40,cep_changed_2018,GOLAR SERVICOS DE OPERACAO DE EMBARCACOES LTD,35,cep_changed_2018
89a8a06187bffff,09248608000538,,,,773,cep_changed_2019
89a8a06187bffff,09401249000426,1,rais_2017,TURISMO LEGALTRANSPORTE AGENCIA E OPERADORA D,,
89a8a06187bffff,09437163000100,7,rais_2017,INDEPENDENCE 2008 BAR E CHARUTARIA LTDA,7,rais_2017
89a8a06187bffff,09572844000181,2,cep_changed_2018,REALPLUS LOGISTICA DE TRANSPORTES LTDA,1,cep_changed_2018
89a8a06187bffff,10359971000186,1,rais_2017,MINAS RIO IMPORTACAO E EXPORTACAO LTDA,,
89a8a06187bffff,10732890000180,2,rais_2017,BERNARDO FRIDMAN OFTALMOLOGIA LTDA,2,rais_2017
89a8a06187bffff,11114284000163,417,rais_2017,CASA & VIDEO RIO DE JANEIRO S/A,473,rais_2017
89a8a06187bffff,11816969000151,1,new_estab_2018,LETICIA IZIDORO DA SILVA 60097787787,,
89a8a06187bffff,12244338000259,68,new_estab_2018,GRANT THORNTON CONSULTING SOLUTIONS LTDA,31,new_estab_2018
89a8a06187bffff,12342261000179,,,,18,cep_changed_2019
89a8a06187bffff,12348565000143,2,rais_2017,TIME INSTITUTO DE IDIOMAS LTDA,2,rais_2017
89a8a06187bffff,12986676000185,,,,31,cep_changed_2019
89a8a06187bffff,13029853000106,8,rais_2017,BELL TECH INFORMATICA LTDA,7,rais_2017
89a8a06187bffff,13049113000123,,,,1,cep_changed_2019
89a8a06187bffff,13060069000152,1,rais_2017,RIO SOL CORRETAGEM DE SEGUROS LTDA,1,rais_2017
89a8a06187bffff,13508804000148,,,,8,cep_changed_2019
89a8a06187bffff,14364647000107,5,rais_2017,ORAZZE COM VAR DE CALC BOL E AC DE EIRELI EPP,4,rais_2017
89a8a06187bffff,14771952000113,,,,3,cep_changed_2019
89a8a06187bffff,14987191000131,1,new_estab_2018,AGUIAR E HADDAD ADVOGADOS,1,new_estab_2018
89a8a06187bffff,15186221000173,4,rais_2017,MANIA DE CABELO COMERCIO EIRELI,,
89a8a06187bffff,15227994000150,8,rais_2017,SIMPLIFIC PAVARINI D.T.V.M. LTDA,8,rais_2017
89a8a06187bffff,16562645000158,1,rais_2017,CASA BRASILEIRA DE PESQUISA E COOPERACAO,1,rais_2017
89a8a06187bffff,16614075000950,,,,99,cep_changed_2019
89a8a06187bffff,16729517000156,2,cep_changed_2018,SOMA CORRETORA DE SEGUROS EIRELI,,
89a8a06187bffff,16777857000152,,,,1,new_estab_2019
89a8a06187bffff,16946159000133,,,,1,cep_changed_2019
89a8a06187bffff,17179465000154,3,cep_changed_2018,ADERNE NICACIO ADVOGADOS,4,cep_changed_2018
89a8a06187bffff,17553863000199,4,rais_2017,SALAO SHIVA CABELOS NATURAIS EIRELI ME,,
89a8a06187bffff,18209746000175,2,rais_2017,MPV MERCADO DOS CARTUCHOS LTDA ME,2,rais_2017
89a8a06187bffff,19323190000378,,,,1,new_estab_2019
89a8a06187bffff,19526319000264,,,,4,cep_changed_2019
89a8a06187bffff,19956529000101,1,rais_2017,IRIS DE ALMEIDA LYRA 36516864772,,
89a8a06187bffff,20326133000160,90,cep_changed_2018,AMARANTE GROUND HANDLING SERVICE LTDA,124,cep_changed_2018
89a8a06187bffff,20543416000163,,,,16,cep_changed_2019
89a8a06187bffff,21592453000124,14,rais_2017,GIL LEGAL LANCHONETE E RESTAURANTE EIR,14,rais_2017
89a8a06187bffff,21809390000115,,,,1,cep_changed_2019
89a8a06187bffff,22052911000103,,,,114,cep_changed_2019
89a8a06187bffff,22596971000189,2,rais_2017,ASSOCIACAO LIMA BARRETO EDUCACAO E COMUNICACA,1,rais_2017
89a8a06187bffff,22631142000190,,,,18,cep_changed_2019
89a8a06187bffff,22729758000106,1,rais_2017,DOMENICI ASSESSORIA IMOBILIARIA LTDA ME,1,rais_2017
89a8a06187bffff,25116920000281,2,new_estab_2018,ONDA H MOTOS CARIOCA LTDA,4,new_estab_2018
89a8a06187bffff,26183164000195,10,rais_2017,BRASILEIRISSIMA HAIR EIRELI ME,3,rais_2017
89a8a06187bffff,26854207000117,4,rais_2017,MARIZ E ASSED ADVOGADOS,4,rais_2017
89a8a06187bffff,27195106000225,8,rais_2017,ALERGO AR CONSULT.MED.DE TRAT. DE ALERG.E RES,2,rais_2017
89a8a06187bffff,27568270700228,3,new_estab_2018,LELIA TOZZATTO,3,new_estab_2018
89a8a06187bffff,27854197000182,4,rais_2017,BEAUTY SPREAD COMERCIO EIRELI,,
89a8a06187bffff,27892880000104,,,,10,cep_changed_2019
89a8a06187bffff,27927181000152,1,rais_2017,BUSINESS BROTHER HAIR AND ELECTRONICS CO,2,rais_2017
89a8a06187bffff,28003200000117,1,cep_changed_2018,ASSOCIACAO DOS FUN DA LOT DO EST DO RIO,1,cep_changed_2018
89a8a06187bffff,28706203000117,2,rais_2017,CHRISTIANE MONTE SOCIEDADE INDIVIDUAL DE,2,cep_changed_2019
89a8a06187bffff,28858068000125,,,,2,new_estab_2019
89a8a06187bffff,29001559000118,72,rais_2017,D A S ENGENHARIA LTDA,74,rais_2017
89a8a06187bffff,29410560000104,18,cep_changed_2018,ACOL INFORMATICA LTDA,18,cep_changed_2018
89a8a06187bffff,29650579000110,16,rais_2017,LANCHONETE E RESTAURANTE SOUZA E SOARES LTDA,19,rais_2017
89a8a06187bffff,29656763000177,,,,26,new_estab_2019
89a8a06187bffff,29839156000142,23,rais_2017,RESTAURANTE A NOVA MINHOTA LTDA EPP,26,rais_2017
89a8a06187bffff,29990605000159,2,new_estab_2018,KOM TOUR AGENCIA DE VIAGENS LTDA,,
89a8a06187bffff,30504617000105,13,cep_changed_2018,ASSOCIACAO DOS MUSICOS MILITARES DO BRASIL,1,cep_changed_2018
89a8a06187bffff,31289438000165,12,new_estab_2018,EMPIRE PROMOTORA DE NEGOCIOS EIRELI,57,new_estab_2018
89a8a06187bffff,31608185000145,,,,12,cep_changed_2019
89a8a06187bffff,31867997000105,2,cep_changed_2018,MODAL INFORMATICA LTDA ME,,
89a8a06187bffff,31931785000140,1,rais_2017,PANTOJA ADVOGADOS,2,rais_2017
89a8a06187bffff,32121554000133,,,,7,new_estab_2019
89a8a06187bffff,32321804000189,7,rais_2017,COND EDF 99 CENTER,6,rais_2017
89a8a06187bffff,33054800000497,6,rais_2017,SCOTSMAN RIO MODA LTDA EPPFILIAL 1,7,rais_2017
89a8a06187bffff,33067323000151,7,rais_2017,PLENO VIGOR FLORA MEDICINAL PROD. NATURAIS E,,
89a8a06187bffff,33101772000179,,,,14,new_estab_2019
89a8a06187bffff,33162581000117,,,,23,new_estab_2019
89a8a06187bffff,33167016000657,10,rais_2017,NELLY JOIAS E CURIOSIDADES LTDA,11,rais_2017
89a8a06187bffff,33322710000197,2,rais_2017,ALCAPAO AGRO PECUARIA LIMITADA ME,2,rais_2017
89a8a06187bffff,33438250008222,,,,21,cep_changed_2019
89a8a06187bffff,33443441000117,5,rais_2017,FARMACIA HOMEOPATICA AYMORE LTDA,5,rais_2017
89a8a06187bffff,33630849000106,3,rais_2017,LANCHES ROSSINI LTDA,3,rais_2017
89a8a06187bffff,33885724007202,8,rais_2017,BANCO ITAU CONSIGNADO,10,rais_2017
89a8a06187bffff,34011288000111,24,cep_changed_2018,ASSOC DOS AUD. FISCAIS DA RECEITA ESTADUAL DO,23,cep_changed_2018
89a8a06187bffff,34095935000110,13,rais_2017,CONFEDERACAO BRASILEIRA DE HIPISMO,11,rais_2017
89a8a06187bffff,34505371000147,,,,32,new_estab_2019
89a8a06187bffff,34593446700186,1,new_estab_2018,LEDA MARIA DA CRUZ CARNEIRO,1,new_estab_2018
89a8a06187bffff,35793801000136,10,rais_2017,FLEURY DA ROCHA E ASSOCIADOS ADVOGADOS,8,rais_2017
89a8a06187bffff,35806835000118,3,rais_2017,CONDOMINIO DO EDIFICIO MOSCOSO CASTRO,3,rais_2017
89a8a06187bffff,35918663003190,,,,145,cep_changed_2019
89a8a06187bffff,36256543000111,6,rais_2017,EDIFICIO SANTO AFONSO,6,rais_2017
89a8a06187bffff,42546531000124,,,,34,new_estab_2019
89a8a06187bffff,43819978000605,,,,11,cep_changed_2019
89a8a06187bffff,45795499000290,,,,7,cep_changed_2019
89a8a06187bffff,60701190053488,13,rais_2017,ITAU UNIBANCO S.A.,35,rais_2017
89a8a06187bffff,60746948658908,11,rais_2017,BANCO BRADESCO S A,13,rais_2017
89a8a06187bffff,61365284013788,,,,8,cep_changed_2019
89a8a06187bffff,61725214001191,14,rais_2017,PIA SOCIEDADE FILHAS DE PAULO,16,rais_2017
89a8a06187bffff,62567821000161,10,cep_changed_2018,ASSOC BRAS EMP DISTRIB DE GAS CANALIZADO - AB,10,cep_changed_2018
89a8a06187bffff,68622554000245,12,rais_2017,ROTZ FARMACIA LTDA,12,rais_2017
89a8a06187bffff,68666189000190,1,new_estab_2018,CORASFRI ASSESSORIA E COMERCIO LTDA,,
89a8a06187bffff,72372287000191,12,rais_2017,SOFT FAST RESTAURANTE LTDA,15,rais_2017
89a8a06187bffff,73750903000163,3,rais_2017,ARTICHOKE SERVICOS DE IMAGEM LTDA.ME,3,rais_2017
89a8a06187bffff,92792530000480,4,rais_2017,SONOVA DO BRASIL PRODUTOS AUDIOLOGICOS LTDA,5,cep_changed_2019
89a8a061ab7ffff,00352200045606,,,,1,cep_changed_2019
89a8a061ab7ffff,00363349000198,,,,1141,cep_changed_2019
89a8a061ab7ffff,00500204923606,,,,5,cep_changed_2019
89a8a061ab7ffff,00572914000127,,,,5,cep_changed_2019
89a8a061ab7ffff,00595154000254,,,,13,cep_changed_2019
89a8a061ab7ffff,00743065000127,,,,1,new_estab_2019
89a8a061ab7ffff,00781337000183,,,,2,cep_changed_2019
89a8a061ab7ffff,00827351000170,,,,3,cep_changed_2019
89a8a061ab7ffff,01143390000111,,,,117,new_estab_2019
89a8a061ab7ffff,01547749000116,,,,1,new_estab_2019
89a8a061ab7ffff,01688585000147,,,,5,cep_changed_2019
89a8a061ab7ffff,01954054000310,,,,17,cep_changed_2019
89a8a061ab7ffff,02231030000134,,,,16,cep_changed_2019
89a8a061ab7ffff,02291765000153,,,,7,cep_changed_2019
89a8a061ab7ffff,02428705000130,,,,4,cep_changed_2019
89a8a061ab7ffff,04179994000106,,,,2,cep_changed_2019
89a8a061ab7ffff,04277561000193,,,,1,cep_changed_2019
89a8a061ab7ffff,04949766000178,,,,3,cep_changed_2019
89a8a061ab7ffff,06310679000100,,,,3,cep_changed_2019
89a8a061ab7ffff,07221832000187,,,,3,cep_changed_2019
89a8a061ab7ffff,07611290000159,,,,6,cep_changed_2019
89a8a061ab7ffff,07622240000177,,,,1,cep_changed_2019
89a8a061ab7ffff,08409570000141,,,,2,cep_changed_2019
89a8a061ab7ffff,08584147000269,,,,1,cep_changed_2019
89a8a061ab7ffff,08924999000410,,,,1,new_estab_2019
89a8a061ab7ffff,09159087000119,,,,3,cep_changed_2019
89a8a061ab7ffff,09365291000196,,,,9,new_estab_2019
89a8a061ab7ffff,09429171000105,,,,4,cep_changed_2019
89a8a061ab7ffff,10476221000194,,,,19,new_estab_2019
89a8a061ab7ffff,10879950000191,,,,4,cep_changed_2019
89a8a061ab7ffff,11068710000170,,,,1,new_estab_2019
89a8a061ab7ffff,11668032000186,,,,6,cep_changed_2019
89a8a061ab7ffff,11822098000189,,,,3,cep_changed_2019
89a8a061ab7ffff,12440950000116,,,,4,new_estab_2019
89a8a061ab7ffff,12942180000100,,,,6,cep_changed_2019
89a8a061ab7ffff,13005142000193,,,,4,new_estab_2019
89a8a061ab7ffff,13127015000167,,,,2,cep_changed_2019
89a8a061ab7ffff,16629836000190,,,,9,cep_changed_2019
89a8a061ab7ffff,16841313000102,,,,3,cep_changed_2019
89a8a061ab7ffff,16856470000434,,,,1,new_estab_2019
89a8a061ab7ffff,18096921000165,,,,8,cep_changed_2019
89a8a061ab7ffff,19112842000244,,,,6,new_estab_2019
89a8a061ab7ffff,19209069000158,,,,3,cep_changed_2019
89a8a061ab7ffff,19469240000168,,,,4,new_estab_2019
89a8a061ab7ffff,20519460000138,,,,2,cep_changed_2019
89a8a061ab7ffff,21157951000149,,,,2,new_estab_2019
89a8a061ab7ffff,21990572000135,,,,2,cep_changed_2019
89a8a061ab7ffff,22162632000194,,,,3,cep_changed_2019
89a8a061ab7ffff,23228564000181,,,,27,cep_changed_2019
89a8a061ab7ffff,24018258000183,,,,76,cep_changed_2019
89a8a061ab7ffff,27161631000149,,,,5,cep_changed_2019
89a8a061ab7ffff,28016715000151,,,,3,cep_changed_2019
89a8a061ab7ffff,28660676000120,,,,12,new_estab_2019
89a8a061ab7ffff,32735665000130,,,,15,new_estab_2019
89a8a061ab7ffff,32862569000152,,,,5,new_estab_2019
89a8a061ab7ffff,33393512000114,,,,11,new_estab_2019
89a8a061ab7ffff,33535494000168,,,,3,new_estab_2019
89a8a061ab7ffff,33588936000134,,,,12,new_estab_2019
89a8a061ab7ffff,39073143000169,,,,1,new_estab_2019
89a8a061ab7ffff,42420620000120,,,,1,cep_changed_2019
89a8a061ab7ffff,42513762000131,,,,4,cep_changed_2019
89a8a061ab7ffff,60746948558008,,,,11,cep_changed_2019
89a8a061ab7ffff,64098932000959,,,,3,cep_changed_2019
89a8a061ab7ffff,74069030000190,,,,7,cep_changed_2019
89a8a061ab7ffff,80680093002125,,,,6,new_estab_2019
89a8a061ab7ffff,97428668000761,,,,647,new_estab_2019
89a8a061ea3ffff,00078218000169,,,,9,cep_changed_2019
89a8a061ea3ffff,00083847700174,,,,1,new_estab_2019
89a8a061ea3ffff,00860639000147,,,,2,cep_changed_2019
89a8a061ea3ffff,01020029000874,,,,260,new_estab_2019
89a8a061ea3ffff,01033112700109,,,,1,new_estab_2019
89a8a061ea3ffff,02314041004175,,,,87,new_estab_2019
89a8a061ea3ffff,02495053000156,,,,1,new_estab_2019
89a8a061ea3ffff,02714643002257,,,,30,cep_changed_2019
89a8a061ea3ffff,02714643003300,,,,12,new_estab_2019
89a8a061ea3ffff,02737654000390,,,,46,cep_changed_2019
89a8a061ea3ffff,03002339001430,,,,10,new_estab_2019
89a8a061ea3ffff,03810218000108,,,,12,cep_changed_2019
89a8a061ea3ffff,03863125001377,,,,8,cep_changed_2019
89a8a061ea3ffff,04335510000170,,,,15,new_estab_2019
89a8a061ea3ffff,04691289000193,,,,27,new_estab_2019
89a8a061ea3ffff,05027195002988,,,,15,cep_changed_2019
89a8a061ea3ffff,05053441005649,,,,7,cep_changed_2019
89a8a061ea3ffff,05222532000197,,,,75,cep_changed_2019
89a8a061ea3ffff,05328084000100,2,rais_2017,AP RAMOS MANUT DE SIST REFRIGERACAO LTDA ME,,
89a8a061ea3ffff,05403637000304,,,,8,new_estab_2019
89a8a061ea3ffff,06033405000102,,,,12,cep_changed_2019
89a8a061ea3ffff,06347409028418,,,,54,new_estab_2019
89a8a061ea3ffff,07463134700185,,,,1,new_estab_2019
89a8a061ea3ffff,08330207000136,,,,9,new_estab_2019
89a8a061ea3ffff,08618022000717,,,,1,new_estab_2019
89a8a061ea3ffff,08808981000100,,,,1,new_estab_2019
89a8a061ea3ffff,09047049000174,,,,1,new_estab_2019
89a8a061ea3ffff,09327376000260,,,,1,new_estab_2019
89a8a061ea3ffff,09427183002225,,,,324,new_estab_2019
89a8a061ea3ffff,09575475000180,,,,3,cep_changed_2019
89a8a061ea3ffff,10142779001105,,,,31,cep_changed_2019
89a8a061ea3ffff,10545387000115,,,,3,cep_changed_2019
89a8a061ea3ffff,10564843000174,,,,7,new_estab_2019
89a8a061ea3ffff,10853017001036,,,,4,cep_changed_2019
89a8a061ea3ffff,11023174009908,,,,5,new_estab_2019
89a8a061ea3ffff,11137051029400,,,,1,new_estab_2019
89a8a061ea3ffff,11148187000191,,,,2,new_estab_2019
89a8a061ea3ffff,11405670001429,,,,21,cep_changed_2019
89a8a061ea3ffff,11479163000115,,,,2,cep_changed_2019
89a8a061ea3ffff,11705769000121,9,rais_2017,OCK MANUTENCAO DE SISTEMAS DE REFRIGERACAO,8,rais_2017
89a8a061ea3ffff,11758568000192,,,,159,new_estab_2019
89a8a061ea3ffff,12136108001752,,,,8,new_estab_2019
89a8a061ea3ffff,12792006000128,,,,2,cep_changed_2019
89a8a061ea3ffff,13257648004691,,,,6,new_estab_2019
89a8a061ea3ffff,13519875001622,,,,3,new_estab_2019
89a8a061ea3ffff,13594751004384,,,,12,new_estab_2019
89a8a061ea3ffff,13667108000184,,,,4,new_estab_2019
89a8a061ea3ffff,13783221017605,,,,24,new_estab_2019
89a8a061ea3ffff,14731420000586,,,,7,new_estab_2019
89a8a061ea3ffff,15842189000137,,,,25,new_estab_2019
89a8a061ea3ffff,16685347000155,,,,1,cep_changed_2019
89a8a061ea3ffff,16703143000361,,,,4,new_estab_2019
89a8a061ea3ffff,16933618000144,,,,28,new_estab_2019
89a8a061ea3ffff,16985098000113,,,,4,new_estab_2019
89a8a061ea3ffff,17131933000110,,,,17,new_estab_2019
89a8a061ea3ffff,19233408000131,,,,1,new_estab_2019
89a8a061ea3ffff,19331732000192,,,,5,new_estab_2019
89a8a061ea3ffff,20702154004715,,,,7,new_estab_2019
89a8a061ea3ffff,21435484000686,,,,4,new_estab_2019
89a8a061ea3ffff,21959576000150,,,,7,cep_changed_2019
89a8a061ea3ffff,22475464001320,,,,7,new_estab_2019
89a8a061ea3ffff,22503623000381,,,,4,new_estab_2019
89a8a061ea3ffff,22599289000492,,,,6,new_estab_2019
89a8a061ea3ffff,22782440000261,,,,2,new_estab_2019
89a8a061ea3ffff,23058703000176,,,,74,cep_changed_2019
89a8a061ea3ffff,23182788000108,,,,1,new_estab_2019
89a8a061ea3ffff,23892968000175,,,,9,cep_changed_2019
89a8a061ea3ffff,24302158000184,,,,47,new_estab_2019
89a8a061ea3ffff,24575331000207,,,,1,new_estab_2019
89a8a061ea3ffff,24979935000120,,,,2,new_estab_2019
89a8a061ea3ffff,25048252000111,,,,55,new_estab_2019
89a8a061ea3ffff,25269221000271,,,,9,new_estab_2019
89a8a061ea3ffff,25403108000156,3,rais_2017,OFF GRAFICA RIO EIRELI,6,rais_2017
89a8a061ea3ffff,26117255001790,,,,8,new_estab_2019
89a8a061ea3ffff,26294120000132,,,,1,cep_changed_2019
89a8a061ea3ffff,26495839000131,,,,30,cep_changed_2019
89a8a061ea3ffff,27505946000670,,,,12,new_estab_2019
89a8a061ea3ffff,27574364000131,,,,1,new_estab_2019
89a8a061ea3ffff,28660817000105,1,rais_2017,DROGARIA E PERFUMARIA FARMAECONOMIA LTDA ME,2,rais_2017
89a8a061ea3ffff,28927497000107,,,,17,cep_changed_2019
89a8a061ea3ffff,29303758000180,,,,3,cep_changed_2019
89a8a061ea3ffff,29328809000129,,,,2,new_estab_2019
89a8a061ea3ffff,29786323000134,,,,1,new_estab_2019
89a8a061ea3ffff,30121584000114,,,,11,new_estab_2019
89a8a061ea3ffff,30392905000115,,,,1,new_estab_2019
89a8a061ea3ffff,30880115000189,,,,3,new_estab_2019
89a8a061ea3ffff,31136155000183,,,,1,new_estab_2019
89a8a061ea3ffff,31178315000319,,,,3,new_estab_2019
89a8a061ea3ffff,31250836000178,,,,13,new_estab_2019
89a8a061ea3ffff,31317314000146,,,,1,new_estab_2019
89a8a061ea3ffff,31369814000121,,,,7,cep_changed_2019
89a8a061ea3ffff,31416540000184,,,,2,new_estab_2019
89a8a061ea3ffff,31575186003156,,,,4,new_estab_2019
89a8a061ea3ffff,31776132000214,,,,4,new_estab_2019
89a8a061ea3ffff,31819070000108,,,,5,new_estab_2019
89a8a061ea3ffff,31869091000120,,,,1,new_estab_2019
89a8a061ea3ffff,31871579000191,,,,15,new_estab_2019
89a8a061ea3ffff,31900261000191,,,,6,new_estab_2019
89a8a061ea3ffff,31901658000106,,,,2,new_estab_2019
89a8a061ea3ffff,32105754000100,,,,10,new_estab_2019
89a8a061ea3ffff,32180304000255,,,,4,new_estab_2019
89a8a061ea3ffff,32278151001093,,,,21,new_estab_2019
89a8a061ea3ffff,32336524000144,,,,3,new_estab_2019
89a8a061ea3ffff,32527987000193,,,,30,new_estab_2019
89a8a061ea3ffff,32610717000141,,,,1,new_estab_2019
89a8a061ea3ffff,32683474000171,,,,8,new_estab_2019
89a8a061ea3ffff,32697896000287,,,,1,new_estab_2019
89a8a061ea3ffff,32730047000105,,,,17,new_estab_2019
89a8a061ea3ffff,32775758000198,,,,4,new_estab_2019
89a8a061ea3ffff,32995829000168,,,,1,new_estab_2019
89a8a061ea3ffff,33041260086700,,,,50,cep_changed_2019
89a8a061ea3ffff,33072400,,,,19,inep
89a8a061ea3ffff,33362472000143,,,,5,new_estab_2019
89a8a061ea3ffff,33374267000106,,,,5,new_estab_2019
89a8a061ea3ffff,33392509000267,,,,3,new_estab_2019
89a8a061ea3ffff,33470319000210,,,,2,new_estab_2019
89a8a061ea3ffff,33487429000104,,,,1,new_estab_2019
89a8a061ea3ffff,33493585000188,,,,20,new_estab_2019
89a8a061ea3ffff,33493839000168,,,,9,new_estab_2019
89a8a061ea3ffff,33574355000143,,,,5,new_estab_2019
89a8a061ea3ffff,33576763000134,,,,5,new_estab_2019
89a8a061ea3ffff,33613541000144,,,,3,new_estab_2019
89a8a061ea3ffff,33761654000197,,,,12,new_estab_2019
89a8a061ea3ffff,33790201000199,,,,4,new_estab_2019
89a8a061ea3ffff,33866205000103,,,,3,new_estab_2019
89a8a061ea3ffff,34195088000166,,,,5,new_estab_2019
89a8a061ea3ffff,34251341000151,,,,1,new_estab_2019
89a8a061ea3ffff,34266520000162,,,,16,new_estab_2019
89a8a061ea3ffff,34281990000103,,,,9,new_estab_2019
89a8a061ea3ffff,34352776000192,,,,1,new_estab_2019
89a8a061ea3ffff,34383557000170,,,,59,new_estab_2019
89a8a061ea3ffff,34396925000115,,,,1,new_estab_2019
89a8a061ea3ffff,34594921000141,,,,6,new_estab_2019
89a8a061ea3ffff,34600364000205,,,,1,new_estab_2019
89a8a061ea3ffff,34640724000111,,,,1,new_estab_2019
89a8a061ea3ffff,34787181000240,,,,1,new_estab_2019
89a8a061ea3ffff,34897896000175,,,,1,new_estab_2019
89a8a061ea3ffff,34992744000151,,,,34,new_estab_2019
89a8a061ea3ffff,35015110000101,,,,5,new_estab_2019
89a8a061ea3ffff,35068499000153,,,,1,new_estab_2019
89a8a061ea3ffff,35186601000115,,,,6,new_estab_2019
89a8a061ea3ffff,35286614000166,,,,1,new_estab_2019
89a8a061ea3ffff,35299009000120,,,,7,new_estab_2019
89a8a061ea3ffff,35515137000163,,,,14,new_estab_2019
89a8a061ea3ffff,36202034000106,,,,26,cep_changed_2019
89a8a061ea3ffff,39110879000160,,,,995,new_estab_2019
89a8a061ea3ffff,42591651130861,,,,85,cep_changed_2019
89a8a061ea3ffff,42591651150544,,,,58,cep_changed_2019
89a8a061ea3ffff,56681513002880,,,,42,cep_changed_2019
89a8a061ea3ffff,60840055025398,,,,658,new_estab_2019
89a8a061ea3ffff,61486650056138,,,,83,cep_changed_2019
