id_hex,id_estab,total_2017,input_2017,total_2018,input_2018,razao_social
89a8a06e503ffff,00070112000623,,,116,rais_2017,ALL NATIONS COMERCIO EXTERIOR S A
89a8a06e503ffff,00078218000169,,,7,rais_2017,ADMINISTRADORA SHOPPING NOVA AMERICA S C LTDA
89a8a06e503ffff,00089189000130,,,9,rais_2017,LIVING CONSULTORIA E DESENVOLVIMENTO DE
89a8a06e503ffff,00147913000135,,,114,new_estab_2018,ASA ASSESSORIA DE COMERCIO EXTERIOR LTDA
89a8a06e503ffff,00179102050006,,,1,rais_2017,MARIA DA CONCEICAO COSTA SOBRINHO
89a8a06e503ffff,00226508000102,,,17,rais_2017,ELITRAVEL - TURISMO E VIAGENS LTDA-EPP
89a8a06e503ffff,00349700117304,,,1,rais_2017,ANA BEATRIZ MEIRELES DE SOUSA
89a8a06e503ffff,00372255000185,,,6,rais_2017,SOFT SERVICE CURSOS E SISTEMAS LTDA EPP
89a8a06e503ffff,00382468002301,,,264,cep_changed_2018,COLGATE PALMOLIVE COMERCIAL LTDA
89a8a06e503ffff,00428300021306,,,1,rais_2017,MONICA GIGLIO GONCALVES DE SOUZA
89a8a06e503ffff,00436042018702,,,8,rais_2017,POLIMPORT COMERCIO E EXPORTACAO LTDA
89a8a06e503ffff,00499399700194,,,1,new_estab_2018,FABIANNE FIGUEIREDO DE SOUZA
89a8a06e503ffff,00500007732504,,,1,rais_2017,RICARDO LISBOA PEDROZA
89a8a06e503ffff,00500143741509,1,rais_2017,1,rais_2017,ROSANY NASCIMENTO DE AZEVEDO
89a8a06e503ffff,00500157233909,1,rais_2017,1,rais_2017,BARBARA JACQUELINE HOERNER
89a8a06e503ffff,00512048537601,,,1,rais_2017,ANIBAL ELON KNUP FILHO
89a8a06e503ffff,00512049129409,,,1,rais_2017,ADRIANA AZEVEDO SAMPAIO
89a8a06e503ffff,00512263608609,,,1,rais_2017,MARIANA DE GUSMAO NUNES
89a8a06e503ffff,00512356305705,,,1,rais_2017,RENATA BARBOSA REIS
89a8a06e503ffff,00512358531302,,,1,rais_2017,GUSTAVO NASCIMENTO PEREIRA
89a8a06e503ffff,00691887000101,,,1,rais_2017,KOESA EMPRESARIAL EIRELI
89a8a06e503ffff,00764667000160,,,2,rais_2017,SOFTWALE INFORMATICA LTDA ME
89a8a06e503ffff,00805468000153,,,30,rais_2017,DUMILA LANCHES E SUCOS EIRELI EPP
89a8a06e503ffff,00851208000114,,,16,rais_2017,PARKS E GAMES RJ EMPREENDIMENTOS LTDA EPP
89a8a06e503ffff,00858904000152,,,16,rais_2017,IRMAOS PRJ COMERCIO ALIMENTICIOS LTDA
89a8a06e503ffff,00860639000147,,,2,rais_2017,HCR FRANQUEADORA LTDA EPP
89a8a06e503ffff,00945751000180,,,20,rais_2017,ASSOCIACAO DO FUNDO DE PROMOCAO NOVA AMERICA
89a8a06e503ffff,01047592000160,,,12,rais_2017,TOP KART LOCACAO DE BENS MOVEIS LTDA
89a8a06e503ffff,01085187700123,,,1,new_estab_2018,VALERIA DAMIAN BRASIL LIMA
89a8a06e503ffff,01178345000100,,,3,rais_2017,CENTRO DE ALERG E PED DR JOSE ROBERT
89a8a06e503ffff,01370572000125,,,21,cep_changed_2018,MAMG COMERCIO DE ALIMENTOS EIRELI
89a8a06e503ffff,01434800000264,,,45,rais_2017,MERCURY MARINE DO BRASIL INDUSTRIA E COMERCIO
89a8a06e503ffff,01486786700159,,,1,new_estab_2018,WAGNER CARVALHO DA FONSECA
89a8a06e503ffff,01512104012901,,,3,rais_2017,ESPACO DO BANHO E AROMAS LTDA
89a8a06e503ffff,01734916000308,,,1,rais_2017,CLINICA BENCHIMOL LTDA
89a8a06e503ffff,02016305000540,,,8,rais_2017,SOFT THREE TINTURARIAS LTDA ME
89a8a06e503ffff,02082558000784,,,80,rais_2017,KNAUF DO BRASIL LTDA
89a8a06e503ffff,02249408000127,,,24,rais_2017,ANACAROL COMERCIO DE ALIMENTOS LTDA EPP
89a8a06e503ffff,02271137000106,,,20,new_estab_2018,LG ALPHA SERVICOS EIRELI
89a8a06e503ffff,02421421005857,,,12,new_estab_2018,TIM S A
89a8a06e503ffff,02453799000105,,,6,rais_2017,ANOMERC MEIAS LTDA
89a8a06e503ffff,02714643002257,,,28,rais_2017,333 COMERCIO E COMUNICACOES LTDA
89a8a06e503ffff,02714643003067,,,19,rais_2017,333 COMERCIO E COMUNICACOES LTDA
89a8a06e503ffff,02737654000390,,,46,rais_2017,TAC FRANQUIA INDUSTRIA E COMERCIO LTDA
89a8a06e503ffff,02820689000126,,,2,rais_2017,LOOP 225 MODAS LTDA-ME
89a8a06e503ffff,03011393000127,,,1,rais_2017,RM ELITE CORRETORA DE SEGUROS LTDA ME
89a8a06e503ffff,03116607002092,,,16,new_estab_2018,DRUMATTOS BRASIL ADMINISTRACAO DE RESTAURANTE
89a8a06e503ffff,03368287000103,,,3,rais_2017,CTY INFORMATICA LTDA ME
89a8a06e503ffff,03589880000171,,,14,rais_2017,CONSTRUTORA WV LTDA
89a8a06e503ffff,03645367000150,,,4,rais_2017,BODY FITNESS ARTIGOS E SUPLEMENTOS NUTRICION
89a8a06e503ffff,03863125001377,,,8,rais_2017,ARMADILLO INDUSTRIA E COMERCIO DE ROUPAS
89a8a06e503ffff,03907145000169,,,14,rais_2017,M SILVA LOGISTICA SERVICOS ADUANEIROS LTDA
89a8a06e503ffff,03919380000150,,,13,rais_2017,PLANECONT CONTABILIDADE EIRELI EPP
89a8a06e503ffff,04388805000105,,,16,rais_2017,RC CONSULTORIA E CONTABILIDADE LTDA
89a8a06e503ffff,04471841000138,,,5,cep_changed_2018,INFRATEC CONSTRUCOES LTDA
89a8a06e503ffff,04574251000130,,,1,rais_2017,MMJR SERV TECNOL DA INFORMACAO LTDA EPP
89a8a06e503ffff,04618003000144,,,1,rais_2017,KEIKO CALCADOS INFANTIS LTDAME
89a8a06e503ffff,04648380000126,,,11,rais_2017,M P MARQUES PACCE ROUPA INFANTIL EPP
89a8a06e503ffff,04671787000174,,,57,rais_2017,MARKUEN BRASIL MARKETING UP EMPRESA DE NEGOCI
89a8a06e503ffff,04673472000166,,,8,rais_2017,LAZULI PRODUTOS NATURAIS LTDA
89a8a06e503ffff,04711184000159,,,88,rais_2017,CONDOMINIO NOVA AMERICA
89a8a06e503ffff,04715048000137,,,31,rais_2017,LYNN CONSULTORIA DE RECURSOS HUMANOS LTD
89a8a06e503ffff,04723929000108,,,3,rais_2017,SIMA CLINICA MEDICA EPP
89a8a06e503ffff,04736525000140,,,3,rais_2017,OITO OITO COMERCIO EIRELI ME
89a8a06e503ffff,04860563000100,,,1,rais_2017,ORTOARTE E MARQUES ODONTOLOGIA LTDA ME
89a8a06e503ffff,04889948000109,,,3,rais_2017,CENTRO DE APOIO DIAG OFTALMOLOGIA SC LTDA
89a8a06e503ffff,04918341000363,,,18,rais_2017,NOVA A3 INDUSTRIA E COMERCIO LTDA
89a8a06e503ffff,04934695000130,,,38,cep_changed_2018,CASA 10 SPORT BAR E RESTAURANT LTDA
89a8a06e503ffff,04944124000186,,,25,rais_2017,RESTAURANTE RIO NOVO FAZENDOLA EIRELI EPP
89a8a06e503ffff,04948024000128,,,6,rais_2017,ROMANAI 70 LTDA-ME
89a8a06e503ffff,04953896000184,,,6,rais_2017,METSOM CONSTRUCOES LTDA
89a8a06e503ffff,04972537000174,,,1,rais_2017,CLINICA DE NEUROCIRURGIA FENIX LTDA
89a8a06e503ffff,04989506000126,,,17,rais_2017,VIA OUTMATE ALIMENTOS LTDA
89a8a06e503ffff,05011177000107,,,3,rais_2017,SPORT GRILL RESTAURANTE LTDA
89a8a06e503ffff,05027195002988,,,17,rais_2017,ZINZANE COMERCIO E CONFECCAO DE VESTUARIO LTD
89a8a06e503ffff,05040311000106,,,2,new_estab_2018,COISA DE CRIANCA MOVEIS E DEC EIRELI
89a8a06e503ffff,05053441005649,,,6,cep_changed_2018,RASTRECALL REPRESENTACOES COM DE TELECOMUNICA
89a8a06e503ffff,05053441007340,,,5,rais_2017,RASTRECALL REPRESENTACOES COM DE TELECOMUNICA
89a8a06e503ffff,05096871000174,,,16,rais_2017,MAVIE ALUGUEL DE ROUPAS LTDA ME
89a8a06e503ffff,05124651000107,,,4,rais_2017,BOTELHO E BOTELHO ADVOGADOS ASSOCIADOS
89a8a06e503ffff,05196517001940,,,15,rais_2017,TRUE MEN INDUSTRIA E COMERCIO DE ROUPAS LTDAN
89a8a06e503ffff,05221721000226,,,5,rais_2017,ECU WORLDWIDE LOGISTICS DO BRASIL LTDA
89a8a06e503ffff,05222532000197,,,84,rais_2017,PIZZARIA DOSJOSEFA LTDA
89a8a06e503ffff,05279707000100,,,83,new_estab_2018,FLOWERS CONSULTORIA IMOBILIARIA LTDA
89a8a06e503ffff,05393577000124,,,4,new_estab_2018,JMJV TRANSPORTES EIRELI
89a8a06e503ffff,05409261000183,,,14,rais_2017,PONTO 824 DESTILADO BAR E RESTAURANTE LTDA
89a8a06e503ffff,05498002000176,,,4,rais_2017,O RIO TEM REMEDIO LICENCIAMENTOS E COMERCIO L
89a8a06e503ffff,05539245000105,,,22,rais_2017,THOMPSON ARQUITETURA E ENGENHARIA LTDA EPP
89a8a06e503ffff,05614931000101,,,21,rais_2017,NEW JUMP CALCADOS LTDA-ME
89a8a06e503ffff,05666310000163,,,49,rais_2017,BOTECO DO MANOLO CHOPERIA LTDA EPP
89a8a06e503ffff,05764339000188,,,2,rais_2017,ASS DAS FARMACIAS PERF CONV AFINS DO RJ
89a8a06e503ffff,05828732000511,,,8,rais_2017,VMT TELECOMUNICACOES LTDA
89a8a06e503ffff,05859560000110,,,8,rais_2017,JOALHERIA MEIRY NOVA AMERICA EIRELI ME
89a8a06e503ffff,05875728000180,,,13,rais_2017,SPORTIVE COMERCIO DE CALCADOS EIRELI ME
89a8a06e503ffff,05875886000130,,,4,rais_2017,MENEGHETTIS GRAFICA E EDITORA LTDA
89a8a06e503ffff,05908444000143,,,8,rais_2017,RIO UK COMERCIO DE ARTIGOS DE COURO E VESTUAR
89a8a06e503ffff,06032785000160,,,1,rais_2017,H MUTVIRA ROUPAS E ACESSORIOS LTDA ME
89a8a06e503ffff,06033405000102,,,1,new_estab_2018,3N GEO ESTUDOS E PROJETOS LTDA
89a8a06e503ffff,06054903000131,,,2,rais_2017,ROITMAN ADVOGADOS ASSOCIADOS
89a8a06e503ffff,06059744000168,,,8,rais_2017,NAIDE SENNA DE ALMEIDA INST DE DEPILACAO
89a8a06e503ffff,06131978000179,,,1,rais_2017,MG GAIO MIRANDA ANALISE DE CADASTRO EIRELI
89a8a06e503ffff,06138636000180,,,12,rais_2017,OLD FACTORY
89a8a06e503ffff,06247182000186,,,6,rais_2017,PRINT AUDIT AMERICA LATINA INFORMATICA COMERC
89a8a06e503ffff,06302172000104,,,80,rais_2017,CALM TERCEIRIZACAO DE SERVICOS EIRELI ME
89a8a06e503ffff,06312049000166,,,6,rais_2017,VITORIA 2004 SORVETES LTDA
89a8a06e503ffff,06316656000102,,,21,rais_2017,UNIDOS PELA BATATA RESTAURANTE E BAR EIRELI M
89a8a06e503ffff,06698537000153,,,5,rais_2017,TUDO COMECOU AQUI COMERCIO DE ROUPAS LTDAME
89a8a06e503ffff,07010539000170,,,39,rais_2017,TULIPAS NIGHT BAR E RESTAURANTE LTDA
89a8a06e503ffff,07073027005465,,,38,rais_2017,TIVIT TERC DE PROCS SERVS E TECNOL SA
89a8a06e503ffff,07150082000280,,,4,rais_2017,PARROCHA ASSESSORIA CONSULTORIA E LOGIS
89a8a06e503ffff,07156217000134,,,6,rais_2017,SD FOUR ALIMENTOS LTDA ME
89a8a06e503ffff,07194679000146,,,1,rais_2017,CENTRO ODONTOLOGICO JARDIM OCEANICO LTDA
89a8a06e503ffff,07209172000119,,,2,rais_2017,MEDRITMO CONSULTORIA CARDIOLOGICA LTDA EPP
89a8a06e503ffff,07215088000108,,,4,rais_2017,4XPERT TECNOLOGIA DA INFORMACAO LTDA EPP
89a8a06e503ffff,07221493000139,,,6,rais_2017,SUNMEDCARE COMERCIO DE PRODUTOS HOSPITALARES
89a8a06e503ffff,07230151001157,,,24,rais_2017,NEWANE COMERCIO DE ROUPAS EIRELI
89a8a06e503ffff,07308705006908,,,23,new_estab_2018,TIFERET COMERCIO DE ROUPAS LTDA
89a8a06e503ffff,07316498000145,,,9,cep_changed_2018,MSHS BRASIL ENGENHARIA LTDA
89a8a06e503ffff,07387998000330,,,1,new_estab_2018,NEPUGA POS GRADUACAO LTDA
89a8a06e503ffff,07429818000335,,,10,rais_2017,ACTUM INDUSTRIA E COMERCIO LTDA
89a8a06e503ffff,07449335000130,,,6,rais_2017,MANIFOLD MEDICAL COMERCIO DE PRODUTOS HOSPITA
89a8a06e503ffff,07504125008344,,,4,rais_2017,CIA LEADER PROMOCAO DE VENDAS - LJ 105
89a8a06e503ffff,07541328000164,,,10,rais_2017,NOVA MEGA 1 LANCHES LTDA EPP
89a8a06e503ffff,07581316000163,,,22,rais_2017,FEMPTEC FUNDACAO DE EMPREENDIMENTOS PESQUISA
89a8a06e503ffff,07628351001677,,,8,cep_changed_2018,FC MAX PROMOTORA DE VENDAS SA
89a8a06e503ffff,07635326000215,,,6,new_estab_2018,RIAN CENTRO DE EMBELEZAMENTO AUTOMOTIVO LTDA
89a8a06e503ffff,07704855000142,,,7,rais_2017,MJE-NA MODA INFANTIL LTDA
89a8a06e503ffff,07825261000190,,,15,rais_2017,GHS ARTEX SERV E REF EIRELI
89a8a06e503ffff,07953678013892,,,13,rais_2017,"RJ - AV PASTOR MARTIN LUTHER KING JR, 126"
89a8a06e503ffff,07984267008780,,,14,rais_2017,STARBUCKS BRASIL COMERCIO DE CAFES LTDA
89a8a06e503ffff,08008655000118,,,57,rais_2017,TESTING SOFTWARE LTDA EPP
89a8a06e503ffff,08103173000147,,,9,rais_2017,DIVERSA TECNOLOGIA LTDA
89a8a06e503ffff,08171856000131,,,1,rais_2017,MAL 122 INDUSTRIA E COMERCIO DE AGUARDENTE LT
89a8a06e503ffff,08215490000317,,,39,rais_2017,MVX COMERCIO ELETRONICO SA
89a8a06e503ffff,08312444000336,,,1,rais_2017,SETE LAN COMUNICACOES EIRELI
89a8a06e503ffff,08370779000149,,,18,rais_2017,MAINO SISTEMAS DE INFORMATICA LTDA
89a8a06e503ffff,08417310000118,2,rais_2017,,,
89a8a06e503ffff,08677917000137,,,7,rais_2017,HILFERMAR COMERCIO DE ROUPAS EIRELI EPP
89a8a06e503ffff,08830245000239,,,5,rais_2017,ZL 2007 COMERCIO DE OCULOS LTDA EPP
89a8a06e503ffff,08875820000139,,,6,rais_2017,LIFEKRON COMERCIO DE ARTIGOS MEDICO HOSPITALA
89a8a06e503ffff,08912886000232,,,22,rais_2017,JIN AND JANE COMERCIO DE COUROS E VESTUARIO L
89a8a06e503ffff,08974033000144,,,9,rais_2017,SUIYOUBI MATE E LANCHES LTDA
89a8a06e503ffff,08996205000180,,,2,rais_2017,KAIZEN LANCHES LTDA ME
89a8a06e503ffff,09003043000103,,,2,rais_2017,JPNC EXATA GESTAO EMPRESARIAL LTDA ME
89a8a06e503ffff,09072520002713,,,14,rais_2017,NIAD RESTAURANTES LTDA
89a8a06e503ffff,09169438000172,,,2602.8,rais_2017,PLANEJAR TERC E SERV EIRELI
89a8a06e503ffff,09363450001519,,,17,rais_2017,MF 2008 COMERCIAL MODAS LTDA
89a8a06e503ffff,09437293000305,,,7,rais_2017,REDETREL REDE DE TRANSACOES ELETRONICAS LTDA
89a8a06e503ffff,09438717000194,,,3,rais_2017,RF TURISMO E EVENTOS EIRELI ME
89a8a06e503ffff,09467683000166,,,19,rais_2017,EFICIENTI CONSULTORIA EM TECNOLOGIA DA INFORM
89a8a06e503ffff,09556355001450,,,8,rais_2017,MYPLACE IND E COMERCIO VESTUARIO LTDA NOVA AM
89a8a06e503ffff,09575475000180,,,2,rais_2017,MCTAG ASSESSORIA DE IMP E EXP LTDA ME
89a8a06e503ffff,09643005000107,,,11,rais_2017,BECALU MODAS LTDA EPP 000107
89a8a06e503ffff,10142779001105,,,34,rais_2017,ANCAR PARKING ESTACIONAMENTOS LTDA
89a8a06e503ffff,10198328000207,,,7,rais_2017,BRVAL ELECTRICAL LTDA
89a8a06e503ffff,10202838000111,,,6,rais_2017,NOVA AMERICA COMERCIO DE OPTICA LTDA
89a8a06e503ffff,10227507000136,,,135,rais_2017,HEALTH TERCEIRIZACAO DE SERVICOS EIRELI ME
89a8a06e503ffff,10282944000152,,,36,rais_2017,NOVA AMERICA BRASA ALIMENTACAO LTDA
89a8a06e503ffff,10285590013854,,,11,new_estab_2018,RBX RIO COMERCIO DE ROUPAS S/A
89a8a06e503ffff,10381434000132,,,10,rais_2017,BLMODA CALCADOS E ACESSORIOS LTDA
89a8a06e503ffff,10439999000123,,,13,rais_2017,WQNA1 COMERCIO DE ROUPAS EIRELI
89a8a06e503ffff,10537291000105,,,2,rais_2017,OPTIMA BLUE SOLUCOES EDUCACIONAIS EIRELI ME
89a8a06e503ffff,10545387000115,,,2,rais_2017,TORTUGA PROJETOS E CONSTRUCOES LTDA ME
89a8a06e503ffff,10545468000115,,,35,rais_2017,RMG PRESTACAO DE SERVICOS EIRELI - ME
89a8a06e503ffff,10561753000120,,,12,rais_2017,TJC CAMARGO COMERCIO DE MATERIAL ELETRICO LTD
89a8a06e503ffff,10569771000158,,,18,rais_2017,GLOBAL TELECOM SUPER VOXDEINET LTDA. - M
89a8a06e503ffff,10637416001493,,,9,rais_2017,MUSK ARTEFATOS DE COURO LTDA-N.AMER
89a8a06e503ffff,10765577000148,,,38,rais_2017,PRIMAR MULTISERSERVICOS SOLUCOES INTEGRADAS L
89a8a06e503ffff,10853017001036,,,4,new_estab_2018,GET MONEY CORRETORA DE CAMBIO SA
89a8a06e503ffff,10994393000150,,,3,rais_2017,TOOLS BRASIL REPRESENTACAO COMERCIAL LTDA EPP
89a8a06e503ffff,11013261000162,,,13,rais_2017,MD OITO PROJETOS E CONSULTORIA LTDA
89a8a06e503ffff,11047734001114,,,7,rais_2017,MANIA GAMES DIVERSOES LTDA EPP
89a8a06e503ffff,11083940000108,,,3,new_estab_2018,D M DO POCO MICROPIGMENTACAO
89a8a06e503ffff,11114284003855,,,23,rais_2017,CASA & VIDEO RIO DE JANEIRO S/A
89a8a06e503ffff,11119244000104,,,7,cep_changed_2018,VIVIAN DE VASCONCELLOS DA COSTA ME
89a8a06e503ffff,11126865000115,,,5,rais_2017,O BOM FILHO A CASA TORNA COMERCIO DE ROUPAS E
89a8a06e503ffff,11137051052739,,,4,new_estab_2018,INTERBELLE COMERC PROD DE BELEZA LTDA
89a8a06e503ffff,11137051053972,,,11,new_estab_2018,INTERBELLE COMERC PROD DE BELEZA LTDA
89a8a06e503ffff,11137051054359,,,9,new_estab_2018,INTERBELLE COMERC PROD DE BELEZA LTDA
89a8a06e503ffff,11144180000100,,,10,rais_2017,NEOVEX COMERCIO E SERVICOS DE TELECOMUNICACOE
89a8a06e503ffff,11238589000187,,,33,rais_2017,G SERVICE PRESTACAO DE SERVICO TERCEIRIZADO L
89a8a06e503ffff,11251106000427,,,18,new_estab_2018,IMA COMERCIO VAREJISTA DE CALCADOS E ACESSORI
89a8a06e503ffff,11405670001429,,,25,rais_2017,BC 1963 CONFECCOES LTDA
89a8a06e503ffff,11457550003338,,,27,rais_2017,SIMARIDA NOVA AMERICA
89a8a06e503ffff,11479163000115,,,3,rais_2017,M R RIO ASSESSORIA GERENCIAL EM GESTAO EMPRES
89a8a06e503ffff,11767594000187,,,15,rais_2017,DEPYLVAN SERVICOS DE DEPILACAO LTDA EPP
89a8a06e503ffff,11863637700115,,,1,new_estab_2018,FELIPE DOS SANTOS AMORIM
89a8a06e503ffff,11903602000175,,,7,rais_2017,REINA ORO COMERCIO DE ALIMENTOS LTDA
89a8a06e503ffff,11948784000281,,,4,new_estab_2018,BERNARDO PERES DE OLIVEIRA COMERCIO E SERVICO
89a8a06e503ffff,11950487005400,,,3,cep_changed_2018,MILANO COMERCIO VAREJISTA DE ALIMENTOS SA
89a8a06e503ffff,12093445002510,,,8,rais_2017,BROCKTON IND COMERCIO DE VESTUARIO E FACCOES
89a8a06e503ffff,12093445002943,,,7,rais_2017,BROCKTON INDUSTRIA E COMERCIO DE VESTUARIO E
89a8a06e503ffff,12239050000105,,,23,rais_2017,TIQS TECNOLOGIA INOVACAO QUALIDADE EM SERVICO
89a8a06e503ffff,12328830000121,,,4,rais_2017,MAXI PRIME ORGANIZACAO DE EVENTOS LTDA ME
89a8a06e503ffff,12429898000105,,,10,rais_2017,ROCHA E FONSECA CAFETERIA LTDA
89a8a06e503ffff,12780489000140,,,12,rais_2017,A.L.S COMERCIO VAREJISTA DE ROUPAS E ACESSORI
89a8a06e503ffff,12792006000128,,,1,rais_2017,LMG COMERCIO DE ROUPAS LTDA EPP
89a8a06e503ffff,12810315000183,,,6,rais_2017,L L 9 RELOJOARIA LTDA
89a8a06e503ffff,12832764000122,,,1,rais_2017,M 8 PROJETOS E CONSULTORIA LTDA ME
89a8a06e503ffff,12981294000169,,,2,rais_2017,TRANSPARENTE TRANSPORTES E LOCACAO DE VEICUL
89a8a06e503ffff,13258020000109,,,6,rais_2017,ACARA BRASIL OTICA LTDA
89a8a06e503ffff,13408176000200,,,4,rais_2017,P&M CONFECCAO E COMERCIO DE ROUPAS LTDA
89a8a06e503ffff,13545427000117,,,2,rais_2017,LEGITIMAS IDEIAS LICENCIADORA LTDA EPP
89a8a06e503ffff,13581336000137,,,4,cep_changed_2018,GNST NEGOCIOS IMOBILIARIOS LTDA
89a8a06e503ffff,13638766000229,,,8,rais_2017,MC DEL CASTILHO COMERCIO DE RELOGIOS LTDA
89a8a06e503ffff,13783221000710,,,66,new_estab_2018,MADERO INDUSTRIA E COMERCIO NOVA AMERICA
89a8a06e503ffff,13950866000105,,,4,rais_2017,NORTUR AGENCIA DE VIAGENS E TURISMO LTDA EPP
89a8a06e503ffff,14055102000119,,,11,rais_2017,AUTENTICA CONSULTORIA E ASSESSORIA LTDA
89a8a06e503ffff,14132836000154,,,2,rais_2017,CRED. OITO ASSESSORIA E PRESTACAO DE SERVICOS
89a8a06e503ffff,14145343000159,,,3,rais_2017,DEL PILAR COMERCIO DE ROUPAS LTDA ME
89a8a06e503ffff,14245016005723,,,12,new_estab_2018,DR CONSULTA CENTRO MEDICO LTDA
89a8a06e503ffff,14399733000155,,,7,rais_2017,NETO CAFE E CHOCOLATE LTDA
89a8a06e503ffff,14683321000142,,,1,new_estab_2018,NOVA OASIS COMERCIO EXTERIOR EIRELI
89a8a06e503ffff,14749461000176,,,1,new_estab_2018,NOVAREDE DROGARIAS GESTAO E CONSULTORIA LTDA
89a8a06e503ffff,14804688000258,,,1,new_estab_2018,LADY LUCKY TATTOOS LTDA ME
89a8a06e503ffff,14819008000199,,,1,rais_2017,SANEPLUS CONSULTORIA TECNICA LTDA EPP
89a8a06e503ffff,14951624000107,,,9,rais_2017,OPTIMUN INFOTECH SERV. MANUT. EQUIP INFO
89a8a06e503ffff,15008223000172,,,181,rais_2017,WILHELMSEN SHIP MANAGEMENT SERV.MARITIMO
89a8a06e503ffff,15180829000190,,,2,rais_2017,DABLIOEME PARTICIPACOES SOCIETARIAS LTDA
89a8a06e503ffff,15372716000359,,,2,rais_2017,TBP IMPORATACAO E COMERCIO DE COSMETICOS LTDA
89a8a06e503ffff,15388746000191,,,1,rais_2017,R&F ALVES EMPREENDIMENTOS IMOBILIARIOS LTDA-
89a8a06e503ffff,15491278000348,,,6,rais_2017,BUBALEE CONFECCOES LTDA
89a8a06e503ffff,15645241000165,,,1,rais_2017,AFX AG VIAG TUR CONGRESSOS LTDA EPP
89a8a06e503ffff,15693147000181,,,1,rais_2017,CLINICA ORTOPEDICA DR ANDERSON COSTA LTDA ME
89a8a06e503ffff,15831176000162,,,11,rais_2017,DMG COMERCIO DE ALIMENTOS LTDA
89a8a06e503ffff,16639331000106,,,13,rais_2017,ELO COLETA E TRANSPORTE DE RESIDUOS EIRE
89a8a06e503ffff,16825637000157,,,1,rais_2017,VIEIRA LEITE ADVOGADOS ASSOCIADOS
89a8a06e503ffff,16877385000100,,,5,rais_2017,FUNF COMERCIO DE ACESSORIOS FEMININOS LTDA EP
89a8a06e503ffff,16934563000197,,,14,rais_2017,VIA MATE NOVA AMERICA COM DE ALIM LTDA
89a8a06e503ffff,16942691000182,,,9,rais_2017,NOVA AMERICA COMERCIO DE BIJUTERIAS E PRESENT
89a8a06e503ffff,16990474000168,,,1,new_estab_2018,IDEALSEG CORRETORA DE SEGUROS LTDA
89a8a06e503ffff,17005006000154,,,4,rais_2017,COSTA DE VIVEIROS COMERCIO VAR DE ART DE COSM
89a8a06e503ffff,17039384000663,,,1,rais_2017,NEPUGA CURSOS E EVENTOS LTDA
89a8a06e503ffff,17066365000111,,,7,rais_2017,SANTOS E SENA COMERCIO DE BOLSAS LTDA
89a8a06e503ffff,17070579000161,,,17,rais_2017,NOVA AMERICA 213 DOCES LTDA ME
89a8a06e503ffff,17097792000167,,,28,rais_2017,GRACA DO SHOPPING BAR E RESTAURANTE LTDA EPP
89a8a06e503ffff,17112804000185,,,10,rais_2017,VM CHURRASCARIA E BUFFET LTDA ME
89a8a06e503ffff,17117132000109,,,1,rais_2017,INTERVEX SERVICOS EIRELI ME
89a8a06e503ffff,17208193000173,,,8,rais_2017,FERIT COMERCIO DE ROUPAS E ACESSORIOS EIRELI
89a8a06e503ffff,17218148000108,,,1,new_estab_2018,ATTRIUS AGENCIAMENTO DE CARGAS INTL LT
89a8a06e503ffff,17261661003946,,,141,rais_2017,OUTBACK STEAKHOUSE RESTAURANTES BRASIL S A
89a8a06e503ffff,17299764000122,,,15,rais_2017,LIPE COMERCIO DE ROUPAS E SEUS ACESSORIOS LTD
89a8a06e503ffff,17466777000149,,,14,rais_2017,MANO COMERCIO DE ALIMENTOS LTDA MED
89a8a06e503ffff,17473658000113,,,9,rais_2017,WLX GESTAO CONTABIL ME
89a8a06e503ffff,17577128000115,,,6,rais_2017,AMERICA COMERCIO DE PERFUMES LTDA EPP
89a8a06e503ffff,17608705000199,,,5,rais_2017,VIDA COMERCIO HOSPITALAR EIRELI EPP
89a8a06e503ffff,17620905000167,,,7,rais_2017,"PORTAL MALAQUITA SERVICOS DE DEPILACAO, ESTET"
89a8a06e503ffff,17864502000163,,,26,rais_2017,LEITURA RIO COMERCIO DE LIVROS LTDA
89a8a06e503ffff,17880860000160,,,1,rais_2017,DURAND LOPES ADMINISTRADORA DE BENS LTDA
89a8a06e503ffff,17893028000106,,,32,rais_2017,CB2 INFORMACOES CADASTRAIS EIRELI
89a8a06e503ffff,18045454000144,,,2,rais_2017,L2M CONSULTORIA E ASSESSORIA LTDA
89a8a06e503ffff,18196186000161,,,63,new_estab_2018,BAR E RESTAURANTE GRILLET LTDA
89a8a06e503ffff,18275071001304,,,12,rais_2017,POSTAL SAUDE RJ
89a8a06e503ffff,18301541000204,,,13,rais_2017,BLESS ESTUDIO DE BELEZA LTDA - EPP
89a8a06e503ffff,18319760000121,,,3,new_estab_2018,OTICA ZETA LTDA
89a8a06e503ffff,18504057000193,,,8,rais_2017,DADUVI MODAS EIRELI ME
89a8a06e503ffff,18527716000107,,,1,rais_2017,AGIVOX TECNOLOGIA LTDA ME
89a8a06e503ffff,18537638000121,,,31,rais_2017,BLVA BAR E RESTAURANTE LTDA
89a8a06e503ffff,18591863000146,,,25,rais_2017,SCW SALAO DE CABELEIREIROS EIRELI EPP
89a8a06e503ffff,18591863000227,,,4,new_estab_2018,SCW SALAO DE CABELEIREIROS EIRELI EPP
89a8a06e503ffff,18631967000307,,,59,rais_2017,UP ASSET CR HOTEL LTDA
89a8a06e503ffff,18631967000480,,,32,rais_2017,UP ASSET CR HOTEL LTDA
89a8a06e503ffff,18729283000172,,,6,rais_2017,PARATI ACESSORIOS DE COURO LTDA
89a8a06e503ffff,18844991000154,,,5,rais_2017,IT SA FAST FOOD EPP
89a8a06e503ffff,18984414000168,,,7,rais_2017,PALAU E MORAES COMERCIO ALIMENTICIOS LTDA
89a8a06e503ffff,19052444000107,,,2,rais_2017,FM COMERCIO DE PRESENTES E DECORACOES LTDA
89a8a06e503ffff,19061989000171,,,11,rais_2017,FRY S RESTAURANTES NAM LTDA
89a8a06e503ffff,19453657000302,,,5,new_estab_2018,INSTITUTO BEM ESTAR INBE
89a8a06e503ffff,19454084000161,,,5,rais_2017,NOVA SAMBA COMERCIO DE VESTUARIO E ACESSORIOS
89a8a06e503ffff,19469851000106,,,1,rais_2017,H.C.O.SALES CENTRO DE SAUDE CAPILAR EPP
89a8a06e503ffff,19479704000117,,,10,rais_2017,ETHICOS CONSULTORIA CONTABIL E TRIBUTARI
89a8a06e503ffff,19485710000187,,,7,rais_2017,BASSAN SORVETERIA E LANCHES LTDA ME
89a8a06e503ffff,19570803000886,,,7,rais_2017,MICROCITY COMPUTADORES E SISTEMAS LTDA
89a8a06e503ffff,19571321000417,,,10,rais_2017,LAFE SERVICOS DIAGNOSTICOS LTDA
89a8a06e503ffff,19666070000101,,,6,rais_2017,ARCH2B PROJETOS E CENOGRAFIA LTDA ME
89a8a06e503ffff,19750106000130,,,3,rais_2017,PORTINATX ALIMENTO E SAUDE EIRELI
89a8a06e503ffff,19845884000103,,,7,rais_2017,RT NOVA AMERICA CALCADOS
89a8a06e503ffff,19986764000126,,,9,rais_2017,NARJ COMERCIO DE ROUPAS EIRELI EPP
89a8a06e503ffff,20135140000184,,,2,rais_2017,CM DERM CARE SERVICOS MEDICOS LTDA EPP
89a8a06e503ffff,20247322002867,,,10,rais_2017,ALLIED TECNOLOGIA SA
89a8a06e503ffff,20300867000412,,,7,rais_2017,ALIANCA PGTOS E PART LTDA
89a8a06e503ffff,20323765000170,,,1,rais_2017,FR2S COMERCIO E COMUNICACOES LTDA
89a8a06e503ffff,20381807000129,,,5,rais_2017,SMART CAR AUTO CLUBE DE BENEFICIOS
89a8a06e503ffff,20469791000100,,,4,rais_2017,QUIPPE TECNOLOGIA LTDA
89a8a06e503ffff,20516185000107,,,15,rais_2017,RIO 888 SERVICOS ADUANEIROS E REPRESENTACOES
89a8a06e503ffff,20549611000524,,,1,rais_2017,SMARTPLACE IMPORTADORA E COMERCIO LTDA EPP
89a8a06e503ffff,20640143000175,,,4,rais_2017,GOGAMES RR COMERCIO DE JOGOS ELETRONICOS LTDA
89a8a06e503ffff,20659621000199,,,6,rais_2017,MARALLI ROUPAS INFANTIS LTDA EPP
89a8a06e503ffff,20704948000135,,,15,rais_2017,NOVA AMERICA KIDS MODA E CALCADOS INFANT
89a8a06e503ffff,20868107000163,,,18,rais_2017,NOVA AMERICA 805 DOCES LTDA ME
89a8a06e503ffff,20873795000150,,,1,rais_2017,CLINICA OFTALMOLOGICA AGUIAR FROTA LTDA
89a8a06e503ffff,20968683000182,,,5,rais_2017,NEW MIX COMERCIO DE ARTIGOS DO VESTUARIO
89a8a06e503ffff,21097155000168,,,11,rais_2017,CR TAVEIRAS COMERCIO EIRELI EPP
89a8a06e503ffff,21168466000170,,,20,rais_2017,MASTER SHIPPING LOGISTICA INTERNACIONAL LTDA
89a8a06e503ffff,21188657000102,,,6,rais_2017,VIDAMARE COMERCIO DE CELULARES E ACESSORIOS L
89a8a06e503ffff,21226889000280,,,23,rais_2017,BC RIO COMERCIO DE COSMETICOS LTDA
89a8a06e503ffff,21244229000141,,,26,rais_2017,BEAUTE LA VILLE CENTRO DE BELEZA EIRELI EP
89a8a06e503ffff,21300766000161,,,11,rais_2017,RESTAURANTE POLARIS NOVA AMERICA 2014 LTDA
89a8a06e503ffff,21388347000123,,,1,rais_2017,METTA SISTEMAS TECNOLOGIA NEGOCIOS LTDA ME
89a8a06e503ffff,21435360000277,,,4,rais_2017,MDSK COMERCIO DE ROUPAS LTDA EPP
89a8a06e503ffff,21528447000108,1,rais_2017,1,rais_2017,ABUSADAS COMERCIO DE ALIMENTOS LTDAME
89a8a06e503ffff,21540929000183,,,1,new_estab_2018,UROGIN SERVICOS MEDICOS DE UROLOGIA E GINECOL
89a8a06e503ffff,21574195000153,,,1,rais_2017,DANTAS STUDIO DE BELEZA E ESTETICA LTDA
89a8a06e503ffff,21694728000211,,,9,new_estab_2018,MODULACAO COMERCIO DE ROUPAS EIRELI N AMERICA
89a8a06e503ffff,21856823000193,,,3,rais_2017,CASTEL 86 ACESSORIOS E PRESENTES LTDA ME
89a8a06e503ffff,21896625000153,,,36,rais_2017,WGAT TRANSPORTE DE CARGAS EIRELI EPP
89a8a06e503ffff,21903960000131,,,2,rais_2017,DR ANDRE LUIZ DOMARCO EIRELI EPP
89a8a06e503ffff,21922383000710,,,7,rais_2017,ALIANCA JOVEM DE MULTMARCAS LTDA ME
89a8a06e503ffff,21959576000150,,,4,rais_2017,TWELVE SPORTS & MARKETING LTDA - EPP
89a8a06e503ffff,21996668000100,,,24,rais_2017,NOVA AMERICA ACADEMIA DE GINASTICA LTDA
89a8a06e503ffff,22299274000166,,,1,new_estab_2018,CAD ENGENHARIA DE INCENDIO EIRELI
89a8a06e503ffff,22335852000172,,,1,rais_2017,MEG INSTITUTO DE EMBELEZAMENTO DO OLHAR
89a8a06e503ffff,22415030000100,,,32,new_estab_2018,ACCERTH SERVICOS E TECNOLOGIA LTDA
89a8a06e503ffff,22465273000144,,,4,rais_2017,MRCV RJ COMERCIO DE JOIAS E ACESSORIOS LTDA -
89a8a06e503ffff,22519058000189,,,7,rais_2017,ULOMPI COMERCIO DE CALCADOS EIRELI EPP
89a8a06e503ffff,22555604000137,,,4,rais_2017,AMBRAZ BIJUTERIAS LTDA ME
89a8a06e503ffff,22650620000109,,,18,rais_2017,B C TELECOM LTDA
89a8a06e503ffff,22720972000193,,,2,rais_2017,LACEFER REPRESENTACOES E MULTI VENDAS LTDA
89a8a06e503ffff,22740857000180,,,6,rais_2017,HARDCORE CONSULTORIA EMPRESARIAL LTDA
89a8a06e503ffff,22763368000144,,,1,rais_2017,NOVA AMERICA OCUPACIONAL SEGURANCA E MEDICINA
89a8a06e503ffff,22797787000105,,,17,rais_2017,"MATHEUS CT COMERCIO DE BOLSAS, CALCADOS E ACE"
89a8a06e503ffff,22802609000117,,,22,rais_2017,MAR PACIFICO RESTAURANTE LTDA NOVA AMERI
89a8a06e503ffff,22859726000117,,,6,rais_2017,LAMAX COM. VAR. ROUPAS ART. ACES. VEST.
89a8a06e503ffff,22977741000402,,,1,new_estab_2018,SOLARIUM DISTRIBUIDORA DE PRODUTOS ELETRICOS
89a8a06e503ffff,23057312002008,,,3,rais_2017,MD STORE COM. DIST DE COSMETICOS LTDA
89a8a06e503ffff,23058703000176,,,22,new_estab_2018,VIBEH CONFEC E COM DE ROUPAS EIRELI
89a8a06e503ffff,23076685000155,,,2,rais_2017,ECOTEC TECNOLOGIA E SERVICOS AMBIENTAIS LTDA
89a8a06e503ffff,23092643000108,,,2,rais_2017,CLINICA DRA BRUNA KURY LTDA
89a8a06e503ffff,23257698000120,,,4,rais_2017,MULTIPLO SERVICOS CONTABEIS LTDA
89a8a06e503ffff,23300649000123,,,4,rais_2017,NA1221 COMERCIO DE ARTIGOS ESPORTIVOS E ACESS
89a8a06e503ffff,23318570000120,,,8,rais_2017,MG NOVA AMERICA CAFETERIA LTDA
89a8a06e503ffff,23347484000145,,,10,rais_2017,LDC COMERCIO DE MODA E ACESSORIOS EIRELI EPP
89a8a06e503ffff,23438613000100,,,8,rais_2017,BYRON BAY COMERCIO VAREJISTA DE ROUPAS E ARTI
89a8a06e503ffff,23443848000190,,,26,rais_2017,DANY LEVKOVITS COMERCIO ALIMENTICIO
89a8a06e503ffff,23466440000134,,,6,rais_2017,S2 PERFUMARIA E COSMETICOS LTDA EPP
89a8a06e503ffff,23502905000912,,,7,new_estab_2018,R VEST CONFECCAO E COMERCIO DE ROUPAS EIRELI
89a8a06e503ffff,23504651000114,,,8,rais_2017,CHICAMA ARTIGOS OTICOS LTDA
89a8a06e503ffff,23520694000193,,,3,rais_2017,THIMC LANCHES LTDA
89a8a06e503ffff,23603444000206,,,9,new_estab_2018,REGRA 18 COMERCIO DE ROUPAS EIRELI
89a8a06e503ffff,23622667000121,,,14,rais_2017,ALL 204 CULINARIA NORDESTINA BAR E REST LTDA
89a8a06e503ffff,23693127000139,,,1,rais_2017,FORCA BRASIL LOGISTICA EIRELI
89a8a06e503ffff,23781054000137,,,3,rais_2017,ESTILOSA DESIGN DE UNHAS LTDA
89a8a06e503ffff,23837395000187,,,8,rais_2017,W COELHO CURSOS LTDA ME
89a8a06e503ffff,23945649000180,,,1,new_estab_2018,"RENTALSYSTEM DESENVOLVIMENTO DE SISTEMA, REP."
89a8a06e503ffff,24061587000107,,,1,rais_2017,CARVALHO MARTINS LABORATORIO DE ANALISES CLIN
89a8a06e503ffff,24375179000120,,,1,rais_2017,COWORKING TOWN SERVICOS COMBINADOS LTDA
89a8a06e503ffff,24384181000165,,,8,rais_2017,EMPADAS NOVA AMERICA EIRELI
89a8a06e503ffff,24390511000125,,,88,rais_2017,ALL CLEN SERV DE LIMP MAN E REF LTDA ME
89a8a06e503ffff,24425650000147,,,2,rais_2017,CARIOCA NUTS COMERCIO DE ALIMENTOS LTDA ME
89a8a06e503ffff,24464184000451,,,5,new_estab_2018,MELINA FANNY IOSSEPHIDES VESTUARIO EPP
89a8a06e503ffff,24485485000119,,,17,rais_2017,RESTAURANTE CDN GRILL LTDA EPP
89a8a06e503ffff,24555311000185,,,8,rais_2017,CRIADORES DE SOFTWARE LTDA EPP
89a8a06e503ffff,24583483000162,,,88,rais_2017,ICONE SERVICOS ESPECIALIZADOS LTDA ME
89a8a06e503ffff,24765823001490,,,264,rais_2017,NEOBPO SERVICOS DE PROCESSOS DE NEGOCIOS E TE
89a8a06e503ffff,24785502000133,,,1,rais_2017,CAMILA MATOS C DA S MORAES CIRURGIA PLASTICA
89a8a06e503ffff,24818295000176,,,1,new_estab_2018,CRIA E REALIZA SOLUCOES EM EVENTOS EIRELI
89a8a06e503ffff,24931415000147,,,1,new_estab_2018,TALUS PODOPOSTUROLOGIA E COMERCIO DE ORTESE L
89a8a06e503ffff,24964265000178,,,236,new_estab_2018,E L RIO SERVICOS DE DEPILACAO ESTETICA LTDA
89a8a06e503ffff,24978003000162,,,13,cep_changed_2018,BAR E BOTEQUIM GRUPO DPK 2 EIRELI
89a8a06e503ffff,24995601000140,,,2,new_estab_2018,EPICOS QUIOSQUE EIRELI ME
89a8a06e503ffff,25079712000179,,,15,rais_2017,GIRA NOVA AMERICA COMERCIO DE ALIMENTOS EIREL
89a8a06e503ffff,25129686000146,,,12,rais_2017,FRANRIO30 SERVICOS DE LIMPEZA MANUTENCAO REFO
89a8a06e503ffff,25130351000148,,,4,rais_2017,BONELLI VERGUEIRO COMERCIO DE BRINQUEDOS LTDA
89a8a06e503ffff,25178835000167,,,8,rais_2017,DESENVOLVIMENTO DE SISTEMAS DIGITAIS SD
89a8a06e503ffff,25193943000109,,,1,rais_2017,OLIVEIRA E MELLO BARBEARIA LTDA
89a8a06e503ffff,25210298000195,,,2,rais_2017,PLENUS SEGURANCA ELETRONICA
89a8a06e503ffff,25321132000146,,,6,rais_2017,GLOBAL ENERGY PRODUTOS ELETRICOS EIRELI ME
89a8a06e503ffff,26064471000157,,,1,rais_2017,PRESTARE CONSULTORIA E ADMINISTRADORA DE IMOV
89a8a06e503ffff,26079511000134,,,5,rais_2017,LT NOVA AMERICA COMERCIO DE ROUPAS E ACESSORI
89a8a06e503ffff,26107613000116,,,19,rais_2017,NOVA AMERICA SALAO DE MANICURE E PEDICURE LTD
89a8a06e503ffff,26237490000138,,,10,rais_2017,ZUX NOVA AMERICA COMERCIO DE ROUPAS LTDA ME
89a8a06e503ffff,26289904000172,,,2,rais_2017,RBA STUDIO HAIR LTDA ME
89a8a06e503ffff,26294120000132,,,1,rais_2017,NEW AMECOL MOVEIS LTDA ME
89a8a06e503ffff,26396018000148,,,9,rais_2017,ZELLO CLUBE DE BENEFICIOS
89a8a06e503ffff,26437324000185,,,9,rais_2017,FANE COMERCIO DE BIJUTERIAS E ACESSORIOS LTDA
89a8a06e503ffff,26469725000117,,,5,rais_2017,CONTABILIDADE NOVA AMERICA ME
89a8a06e503ffff,26474032000112,,,2,rais_2017,AMERICAS 1 PERFUMARIA LTDA
89a8a06e503ffff,26568916000136,,,8,rais_2017,ITAUNA ARTIGOS OTICOS LTDA
89a8a06e503ffff,26572328000176,,,8,rais_2017,DELBS COMERCIO DE ROUPAS EIRELI EPP
89a8a06e503ffff,26576329000199,,,8,rais_2017,BRUNE GOURMET RESTAURANTE LTDA EPP
89a8a06e503ffff,26592298000160,,,2,new_estab_2018,A20 PRODUTOS MEDICOS EIRELI
89a8a06e503ffff,26593373000107,,,5,rais_2017,SIX MODAS E ARTIGOS DE VESTUARIO LTDA -
89a8a06e503ffff,26603406000152,,,4,rais_2017,VALLIDE CONTABILIDADE EMPRESARIAL LTDA
89a8a06e503ffff,26636239000146,,,7,rais_2017,CARIOCA VESTUARIO E ACESSORIOS PARA BEBE
89a8a06e503ffff,26637137000145,,,52,rais_2017,P PRES SERVICOS ADMINISTRATIVOS EIRELI
89a8a06e503ffff,26697489000196,,,5,rais_2017,CATARINA COMERCIO DE CELULARES EIRELI
89a8a06e503ffff,26714491000126,,,1,rais_2017,VIBEMED COMERCIO E REPRESENTACAO LTDA
89a8a06e503ffff,26751544000189,,,10,new_estab_2018,JOALHERIA E RELOJOARIA GRANDE RIO LTDA
89a8a06e503ffff,26786552000594,,,9,new_estab_2018,GRAFF SPEE COMERCIO DE ALIMENTOS LTDA
89a8a06e503ffff,26862165000166,,,1,rais_2017,SERGIO BELO DAVID 63396793749
89a8a06e503ffff,26864455000220,,,5,new_estab_2018,FJC MODAS EIRELI EPP
89a8a06e503ffff,26888754000113,,,3,new_estab_2018,FOCUS LEGIS PLANEJAMENTO TRIBUTARIO LTDA
89a8a06e503ffff,26951444000104,,,8,rais_2017,CJA VIAGENS LTDA
89a8a06e503ffff,26994697000157,,,4,rais_2017,LUNA MATERIAL FOTOGRAFICO LTDA. ME
89a8a06e503ffff,27368962000154,,,2,new_estab_2018,CLINICA DERMATOLOGICA SUELLEN SOUZA EIRELI -
89a8a06e503ffff,27452919000172,,,6,rais_2017,EZ HOME CAMA MESA BANHO EIRELI ME
89a8a06e503ffff,27544974000192,,,5,new_estab_2018,LW NOVA AMERICA MOVEIS E DECORACOES EIRELI
89a8a06e503ffff,27764461000197,,,11,rais_2017,CONFRARIA FOOD TRUCK LTDA
89a8a06e503ffff,27885245000108,,,9,rais_2017,DOS SANTOS COMERCIO DE CREPES LTDA EPP
89a8a06e503ffff,27952162000186,,,7,rais_2017,PANALUNA CALCADOS LTDA EPP
89a8a06e503ffff,28012914000191,,,1,rais_2017,WMF COMERCIO DE ROUPAS SKATE E ACESSORIOS LTD
89a8a06e503ffff,28057137000100,,,5,rais_2017,TQ COMERCIO DE ROUPAS E SEUS ACESSORIOS LTDA
89a8a06e503ffff,28065845000184,,,53,rais_2017,DRATEC ENGENHARIA LTDA
89a8a06e503ffff,28220722000251,,,5,new_estab_2018,ATUAL PARK ESTACIONAMENTOS EIRELI
89a8a06e503ffff,28326302000173,,,2,new_estab_2018,VALLIDE GESTAO OPERACIONAL LTDA EPP
89a8a06e503ffff,28336465000137,,,39,new_estab_2018,PW NOVA AMERICA COM DE CONF LTDA
89a8a06e503ffff,28411589000130,,,1,new_estab_2018,RJ PLASTICA SERVICOS MEDICOS EIRELI ME
89a8a06e503ffff,28439884000102,,,4,rais_2017,CRL NOVA AMERICA COMERCIO DE ACESSORIOS DE MO
89a8a06e503ffff,28483650000820,,,7,new_estab_2018,CSLP NITEROI COMERCIO VAREJISTA DE DOCES LTDA
89a8a06e503ffff,28503699000121,,,1,rais_2017,H. S. PARK
89a8a06e503ffff,28606380000121,,,29,new_estab_2018,MKR RESTAURANTE LTDA - EPP
89a8a06e503ffff,28663542000163,,,9,new_estab_2018,BLANK AMERICA COMERCIO DE ROUPAS E ACESSORIOS
89a8a06e503ffff,28676955000182,,,10,rais_2017,LML CONTABILIDADE LTDA
89a8a06e503ffff,28758103000134,,,10,rais_2017,VILELA COMERCIO DE CALCADOS EIRELI
89a8a06e503ffff,28777922000129,,,5,rais_2017,BATUTA COMERCIO DE ROUPAS EIRELI EPP
89a8a06e503ffff,28813502000150,,,6,rais_2017,KYAK COMERCIO DO VESTUARIO LTDA
89a8a06e503ffff,28831194000196,,,26,new_estab_2018,R2R ACESSORIOS EIRELI
89a8a06e503ffff,28924960000167,,,7,rais_2017,SAO VALENTIM CALCADOS E ACESSORIOS EIRELI ME
89a8a06e503ffff,28927497000107,,,7,rais_2017,MFA COMERCIO DE ROUPAS EIRELI
89a8a06e503ffff,28974189000132,,,5,rais_2017,NORTE COMERCIO DE COLCHOES LTDA
89a8a06e503ffff,29013396000193,,,13,new_estab_2018,FJ BATATA DA AMERICA EIRELI
89a8a06e503ffff,29024662000183,,,6,rais_2017,BIJU PONTO COM ACESSORIOS FEMININOS LTDA
89a8a06e503ffff,29030756000165,,,6,rais_2017,COMPUTECNICA COMERCIO E SERVICOS LTDA
89a8a06e503ffff,29122514000100,,,3,new_estab_2018,RODRIGUES E VITORIANO SEMI JOIAS LTDA
89a8a06e503ffff,29220819000146,,,12,new_estab_2018,ANCAR IVANHOE SERVICOS COMPARTILHADOS LTDA
89a8a06e503ffff,29230750000131,,,2,new_estab_2018,VR SOFTWARE E CONSULTORIA RJ LTDA
89a8a06e503ffff,29253235000177,,,3,new_estab_2018,SMART FLY ESCOLA DE AVIACAO CIVIL LTDA ME
89a8a06e503ffff,29303758000180,,,4,new_estab_2018,MANU IPANEMA CALCADOS LTDA-ME
89a8a06e503ffff,29478123000114,,,11,new_estab_2018,LM NOVA AMERICA ALIMENTOS LTDA
89a8a06e503ffff,29495719000122,,,3,new_estab_2018,EMPIRE COBRANCAS E AFINS LTDA
89a8a06e503ffff,29506906000164,,,3,new_estab_2018,INNQUADRE NOVA AMERICA COMERCIO DE QUADROS LT
89a8a06e503ffff,29576406000107,,,1,new_estab_2018,NORTE REFEICOES EIRELI
89a8a06e503ffff,29616777000167,,,6,new_estab_2018,ZEICH CONSTRUCOES EIRELI
89a8a06e503ffff,29650128000182,,,6,new_estab_2018,REALIZAR MULTI SERVICOS LTDA
89a8a06e503ffff,29717808001067,,,13,rais_2017,INOVE STORE MAGAZINE EIRELI EPP
89a8a06e503ffff,29720424000102,,,23,new_estab_2018,GRUPO CEPRANO PARTICIPACOES E CONTROLE SA
89a8a06e503ffff,29956943000174,,,22,rais_2017,CLIMAQ SERVICE LTDA ME
89a8a06e503ffff,30008380000171,,,6,new_estab_2018,MCPF ACESSORIOS LTDA
89a8a06e503ffff,30009875000115,,,11,new_estab_2018,NOVA FLA ARTIGOS DO VESTUARIO E ACESSORIOS ES
89a8a06e503ffff,30021040000180,,,24,new_estab_2018,VZ NAM RESTAURANTE LTDA
89a8a06e503ffff,30031847000102,,,4,new_estab_2018,DUSDEUSES ALIMENTOS LTDA
89a8a06e503ffff,30048422000106,,,10,new_estab_2018,GUSTAVO E CARLOS GIL COMERCIO ALIMENTICI
89a8a06e503ffff,30094114009408,,,21,rais_2017,UNIAO DE LOJAS LEADER S/A - LOJA 105
89a8a06e503ffff,30127282000153,,,14,new_estab_2018,SSG NOVA AMERICA COMERCIO DE ALIMENTOS L
89a8a06e503ffff,30244300000187,,,2,new_estab_2018,ALMEIDA E LOPES COSMETICOS LTDA
89a8a06e503ffff,30267876006877,,,3,rais_2017,OTICAS DO POVO EIRELI
89a8a06e503ffff,30323850000191,,,1,new_estab_2018,CONSULTORIO DE NUTRICAO MARIANA MADRUGA EIREL
89a8a06e503ffff,30432530000170,,,2,new_estab_2018,SECA VOCE PERSONALITTE LTDA
89a8a06e503ffff,30498627000185,,,4,new_estab_2018,LONDON LASH EIRELI
89a8a06e503ffff,30653820000143,,,6,new_estab_2018,NSGD LOUNGEWEAR COMERCIO DE ROUPAS E ACESSORI
89a8a06e503ffff,30677871000105,,,7,new_estab_2018,NOVA AMERICA AIR SOFT LTDA
89a8a06e503ffff,30757487000112,,,1,new_estab_2018,W VIDAL JUNIOR CONTABILIDADE
89a8a06e503ffff,30785076000130,,,13,new_estab_2018,AMERICA SABOR COMERCIO VAREJISTA DE SUCOS SAL
89a8a06e503ffff,30857056000128,,,10,rais_2017,A RIO SANTA MATILDE SERVICOS CONTABEIS
89a8a06e503ffff,30880045000169,,,2,new_estab_2018,FS NOVA AMERICA MOVEIS EIRELI
89a8a06e503ffff,30983500000313,,,4,new_estab_2018,DV CREATIVE LAMPS ARTIGOS DECORATIVOS ILUMINA
89a8a06e503ffff,31008270000172,,,2,new_estab_2018,MUNIZ E SANZ CONFECCOES LTDA
89a8a06e503ffff,31098700002138,,,10,rais_2017,WOLLNER COMERCIO E CONFECCOES LTDA NOVA AMERI
89a8a06e503ffff,31134696000768,,,3,new_estab_2018,RPRESS COMERCIO E TELECOMUNICACOES EIRELI
89a8a06e503ffff,31152776000231,,,10,new_estab_2018,EVORASHOP 182 CALCADOS EIRELI
89a8a06e503ffff,31173530000165,,,4,new_estab_2018,HARMONY CILIOS E SOBRANCELHAS EIRELI ME
89a8a06e503ffff,31174101000102,,,2,new_estab_2018,NA CAR COMERCIO DE ROUPAS EIRELI
89a8a06e503ffff,31297432000210,,,4,new_estab_2018,LINE BARRA COMERCIO DE COSMETICOS LTDA
89a8a06e503ffff,31369814000121,,,1,new_estab_2018,D2J CONSTRUTORA E CONSULTORIA LTDA
89a8a06e503ffff,31508840000193,,,4,new_estab_2018,DMG SORVETES LTDA ME
89a8a06e503ffff,31615740000166,,,4,new_estab_2018,KYRIOS COMERCIO DE PRODUTOS DE TELEFONIA LTDA
89a8a06e503ffff,31635645000124,,,4,new_estab_2018,NOVA ERA COMERCIO DE PRODUTOS DE TELEFONIA LT
89a8a06e503ffff,31680950000138,,,18,new_estab_2018,CD PRESENTES E UTILIDADES LTDA
89a8a06e503ffff,31740356000195,,,4,new_estab_2018,LF COMERCIO DE PRESENTES E DECORACAO EIRELI
89a8a06e503ffff,31853962000117,,,6,new_estab_2018,NOVACELL COMERCIO E SERVICOS DE TELECOMUNICAC
89a8a06e503ffff,31949884000159,,,7,new_estab_2018,BNS ENZO TOSCANI CONFECCOES E ACESSORIOS LTDA
89a8a06e503ffff,31962649000117,,,5,new_estab_2018,JESSICA B N VIANA
89a8a06e503ffff,32218979000165,,,6,new_estab_2018,MAF COMERCIO DE ROUPAS E ACESSORIOS LTDA
89a8a06e503ffff,32292013000500,,,6,rais_2017,PE DAGUA CONFECCOES LTDA F4
89a8a06e503ffff,33014556007956,,,39,rais_2017,LOJAS AMERICANAS SA
89a8a06e503ffff,33035098001739,,,13,rais_2017,A ORIGINAL ARTEFATOS DE COURO LTDA
89a8a06e503ffff,33041260086700,,,47,cep_changed_2018,VIA VAREJO SA
89a8a06e503ffff,33061813011347,,,180,rais_2017,PRUDENTIAL DO BRASIL SEGUROS DE VIDA S A
89a8a06e503ffff,33200056011850,,,134,rais_2017,024 RIO NOVA AMERICA SH
89a8a06e503ffff,33641788001570,,,11,rais_2017,INSTITUTO BRASIL ESTADOS UNIDOS
89a8a06e503ffff,33709171001034,,,59,rais_2017,CRUZADA DO MENOR
89a8a06e503ffff,34075739005810,,,149,rais_2017,SOCIEDADE DE ENSINO SUPERIOR ESTACIO DE SA
89a8a06e503ffff,34591060700135,,,2,new_estab_2018,JANDIRA FATIMA GOMES BARBOZA
89a8a06e503ffff,35820448000136,,,4,new_estab_2018,WHITE MARTINS GASES INDUSTRIAIS LTDA
89a8a06e503ffff,35820448018930,,,403,rais_2017,WHITE MARTINS GASES INDUSTRIAIS LTDA
89a8a06e503ffff,35820448020161,,,157,rais_2017,WHITE MARTINS GASES INDUSTRIAIS LTDA
89a8a06e503ffff,35820448020323,,,34,rais_2017,WHITE MARTINS GASES INDUSTRIAIS LTDA
89a8a06e503ffff,39527106000183,,,20,rais_2017,ENGEARQ CONSTRUCOES LTDA
89a8a06e503ffff,39934781000127,,,3,rais_2017,CASA LOTERICA TIO PATINHAS LTDA ME
89a8a06e503ffff,39939715000140,,,8,rais_2017,LIMPATEX RIO COM E REPRESENT EIRELI
89a8a06e503ffff,40224172000163,,,2,rais_2017,ASSOCIACAO BRASILEIRA DE CONTROLE DE VETORES
89a8a06e503ffff,40432544051728,,,17,rais_2017,CLARO S A LS RE NOVA AMERICA RIO DE JANEIRO
89a8a06e503ffff,42223982000120,,,5,rais_2017,POMPADOU R PRESENTES LTDA
89a8a06e503ffff,42225938003256,,,14,rais_2017,CSB DROGARIAS S/A
89a8a06e503ffff,42225938004813,,,16,rais_2017,CSB DROGARIAS S/A
89a8a06e503ffff,42234286000110,16,rais_2017,15,rais_2017,POSTO COELHINHO LTDA
89a8a06e503ffff,42274696001247,,,17,rais_2017,ADIDAS DO BRASIL LTDA
89a8a06e503ffff,42591651130861,,,82,rais_2017,ARCOS DOURADOS COM LTDA
89a8a06e503ffff,43103189700148,,,1,new_estab_2018,ANNA MARIA LUTERIO
89a8a06e503ffff,43283811002446,,,39,rais_2017,KALUNGA COM IND GRAF LTDA
89a8a06e503ffff,50564053001185,,,124,rais_2017,BOMBRIL S/A (RIO DE JANEIRO)
89a8a06e503ffff,53249017001700,,,15,rais_2017,ASICS BRASIL DIST E COM DE ART ESP LTDA
89a8a06e503ffff,56681513002880,,,37,rais_2017,PKK CALCADOS LTDA
89a8a06e503ffff,58731662004109,,,20,rais_2017,RI HAPPY BRINQUEDOS S A
89a8a06e503ffff,60746948582146,,,10,rais_2017,BANCO BRADESCO S A
89a8a06e503ffff,61486650056138,,,33,rais_2017,DIAGNOSTICOS DA AMERICASA
89a8a06e503ffff,61585865180036,,,13,rais_2017,RAIA DROGASIL S A
89a8a06e503ffff,61777009009588,,,7,rais_2017,LE SAC COM CENTER COUROS LTDA
89a8a06e503ffff,66970229020788,,,9,rais_2017,NEXTEL TELECOMUNICACOES LTDA.
89a8a06e503ffff,73264129000180,,,3,rais_2017,NA 2000 CONFECCOES LTDA ME
89a8a06e503ffff,73829962000121,,,40,rais_2017,PROENARC ENGENHARIA FUNDACOES LTDA
89a8a06e503ffff,78144779700103,,,1,new_estab_2018,CARLOS HAMILTON SOUTO VASQUES
89a8a06e503ffff,84453844018206,,,10,rais_2017,TELLERINA COM DE PRES ART PARA DECOR SA
89a8a06e503ffff,89237911023353,,,11,rais_2017,GLOBAL DISTRIBUICAO LTDA
89a8a06e503ffff,92559830001224,,,11,rais_2017,GREEN CARD SA REFEICOES COM E SERV RJ
89a8a06e503ffff,92754738022999,,,58,rais_2017,LOJAS RENNER S/A
89a8a06e503ffff,96534094003416,,,360,rais_2017,ACCENTURE DO BRASIL LTDA - RJ - NOVA AMERICA
