google_link,lon,lat,cnes,estabelecimento,municipio,code_muni,SearchedAddress,MatchedAddress,PrecisionDepth,geocode_engine,n_vizinhos
"https://www.google.com/maps/@-3.1191095,-60.026585,19z",-60.026585,-3.1191095,6862888,NORTE IMAGEM LTDA,MANAUS,130260,"AVENIDA CONSTANTINO NERY, 2789 - MANAUS, AM - CEP 69050001","BR-174, Manaus - AM, Brazil",route,gmaps_prob1,3
"https://www.google.com/maps/@-3.1191095,-60.026585,19z",-60.026585,-3.1191095,7334583,C I A CENTRO DE IMAGEM DO AMAZONAS,MANAUS,130260,"RUA BAHIA, 22 - MANAUS, AM - CEP 69058450","BR-174, Manaus - AM, Brazil",route,gmaps_prob1,3
"https://www.google.com/maps/@-3.1191095,-60.026585,19z",-60.026585,-3.1191095,9718877,UBS CDPF,MANAUS,130260,"RODOVIA BR 174, S/N - MANAUS, AM - CEP 69048990","BR-174, Manaus - AM, Brazil",route,gmaps_prob1,3
"https://www.google.com/maps/@-3.1191095,-60.026585,19z",-60.026585,-3.1191095,9721274,UBS COMPAJ,MANAUS,130260,"RODOVIA BR 174, S/N - MANAUS, AM - CEP 69048990","BR-174, Manaus - AM, Brazil",route,gmaps_prob1,3
"https://www.google.com/maps/@-20.4475078,-54.619294,19z",-54.619294,-20.4475078,0021784,CEM CENTRO ESPECIALIZADO MUNICIPAL PRES JANIO QUADROS,CAMPO GRANDE,500270,"TRAVESSA GUIA LOPES, 71 - CAMPO GRANDE, MS - CEP 79002334","Tv. Guia Lopes, 71 - São Francisco, Campo Grande - MS, 79002-359, Brazil",street_number,gmaps_prob1,4
"https://www.google.com/maps/@-20.4475078,-54.619294,19z",-54.619294,-20.4475078,0024392,CEAM CENTRO DE ATENDIMENTO A SAUDE DA MULHER,CAMPO GRANDE,500270,"TRAVESSA GUIA LOPES, 71 - CAMPO GRANDE, MS - CEP 79002334","Tv. Guia Lopes, 71 - São Francisco, Campo Grande - MS, 79002-359, Brazil",street_number,gmaps_prob1,4
"https://www.google.com/maps/@-20.4475078,-54.619294,19z",-54.619294,-20.4475078,0024406,CENORT CENTRO ORTOPEDICO MUNICIPAL,CAMPO GRANDE,500270,"TRAVESSA GUIA LOPES, 71 - CAMPO GRANDE, MS - CEP 79002359","Tv. Guia Lopes, 71 - São Francisco, Campo Grande - MS, 79002-359, Brazil",street_number,gmaps_prob1,4
"https://www.google.com/maps/@-20.4475078,-54.619294,19z",-54.619294,-20.4475078,9437401,AMBULATORIO DE SAUDE MENTAL,CAMPO GRANDE,500270,"TRAVESSA GUIA LOPES, 71 - CAMPO GRANDE, MS - CEP 79002359","Tv. Guia Lopes, 71 - São Francisco, Campo Grande - MS, 79002-359, Brazil",street_number,gmaps_prob1,4
"https://www.google.com/maps/@-20.4475078,-54.619294,19z",-54.619294,-20.4475078,9570691,CENTRO DE APOIO E DIAGNOSTICO MUNICIPAL,CAMPO GRANDE,500270,"TRAVESSA GUIA LOPES, 71 - CAMPO GRANDE, MS - CEP 79002334","Tv. Guia Lopes, 71 - São Francisco, Campo Grande - MS, 79002-359, Brazil",street_number,gmaps_prob1,4
"https://www.google.com/maps/@-30.1083543,-51.235535,19z",-51.235535,-30.10835429999999,6883095,EESCA SCS,PORTO ALEGRE,431490,"RUA PITTA PINHEIRO FILHO, 176 - PORTO ALEGRE, RS - CEP 91920560","R. Prof. Dr. João Pitta Pinheiro Filho, 176 - Camaquã, Porto Alegre - RS, 91920-560, Brazil",street_number,gmaps_prob1,5
"https://www.google.com/maps/@-30.1083543,-51.235535,19z",-51.235535,-30.10835429999999,6883109,ESMA SCS,PORTO ALEGRE,431490,"RUA PITTA PINHEIRO FILHO, 176 - PORTO ALEGRE, RS - CEP 91920560","R. Prof. Dr. João Pitta Pinheiro Filho, 176 - Camaquã, Porto Alegre - RS, 91920-560, Brazil",street_number,gmaps_prob1,5
"https://www.google.com/maps/@-30.1083543,-51.235535,19z",-51.235535,-30.10835429999999,9043616,SERVICO DE APOIO DIAGNOSTICO CAMAQUA,PORTO ALEGRE,431490,"RUA PROF DR PITTA PINHEIRO, 176 - PORTO ALEGRE, RS - CEP 91920560","R. Prof. Dr. João Pitta Pinheiro Filho, 176 - Camaquã, Porto Alegre - RS, 91920-560, Brazil",street_number,gmaps_prob1,5
"https://www.google.com/maps/@-30.1083543,-51.235535,19z",-51.235535,-30.10835429999999,6924492,AMBULATORIO DE ESPECIALIDADES CAMAQUA,PORTO ALEGRE,431490,"PROF JOAO PITTA PINHEIRO FILHO, 176 - PORTO ALEGRE, RS - CEP 91920560","R. Prof. Dr. João Pitta Pinheiro Filho, 176 - Camaquã, Porto Alegre - RS, 91920-560, Brazil",street_number,gmaps_prob1,5
"https://www.google.com/maps/@-30.1083543,-51.235535,19z",-51.235535,-30.10835429999999,2264528,UNIDADE DE SAUDE CAMAQUA,PORTO ALEGRE,431490,"RUA PROF JOAO PITTA PINHEIRO FILHO, 176 - PORTO ALEGRE, RS - CEP 91920560","R. Prof. Dr. João Pitta Pinheiro Filho, 176 - Camaquã, Porto Alegre - RS, 91920-560, Brazil",street_number,gmaps_prob1,5
"https://www.google.com/maps/@-30.1083543,-51.235535,19z",-51.235535,-30.10835429999999,7249810,GERENCIA DISTRITAL SCS,PORTO ALEGRE,431490,"RUA PROFESSOR DOUTOR JOAO PITTA PINHEIRO FILHO, 176 - PORTO ALEGRE, RS - CEP 91920560","R. Prof. Dr. João Pitta Pinheiro Filho, 176 - Camaquã, Porto Alegre - RS, 91920-560, Brazil",street_number,gmaps_prob1,5
"https://www.google.com/maps/@-30.1083543,-51.235535,19z",-51.235535,-30.10835429999999,2264528,UNIDADE DE SAUDE CAMAQUA,PORTO ALEGRE,431490,"RUA PROF JOAO PITTA PINHEIRO FILHO, 176 - PORTO ALEGRE, RS - CEP 91920560","R. Prof. Dr. João Pitta Pinheiro Filho, 176 - Camaquã, Porto Alegre - RS, 91920-560, Brazil",street_number,gmaps_prob1,4
"https://www.google.com/maps/@-30.1083543,-51.235535,19z",-51.235535,-30.10835429999999,6883095,EESCA SCS,PORTO ALEGRE,431490,"RUA PITTA PINHEIRO FILHO, 176 - PORTO ALEGRE, RS - CEP 91920560","R. Prof. Dr. João Pitta Pinheiro Filho, 176 - Camaquã, Porto Alegre - RS, 91920-560, Brazil",street_number,gmaps_prob1,4
"https://www.google.com/maps/@-30.1083543,-51.235535,19z",-51.235535,-30.10835429999999,6883109,ESMA SCS,PORTO ALEGRE,431490,"RUA PITTA PINHEIRO FILHO, 176 - PORTO ALEGRE, RS - CEP 91920560","R. Prof. Dr. João Pitta Pinheiro Filho, 176 - Camaquã, Porto Alegre - RS, 91920-560, Brazil",street_number,gmaps_prob1,4
"https://www.google.com/maps/@-30.1083543,-51.235535,19z",-51.235535,-30.10835429999999,6924492,AMBULATORIO DE ESPECIALIDADES CAMAQUA,PORTO ALEGRE,431490,"PROF JOAO PITTA PINHEIRO FILHO, 176 - PORTO ALEGRE, RS - CEP 91920560","R. Prof. Dr. João Pitta Pinheiro Filho, 176 - Camaquã, Porto Alegre - RS, 91920-560, Brazil",street_number,gmaps_prob1,4
"https://www.google.com/maps/@-30.1083543,-51.235535,19z",-51.235535,-30.10835429999999,9043616,SERVICO DE APOIO DIAGNOSTICO CAMAQUA,PORTO ALEGRE,431490,"RUA PROF DR PITTA PINHEIRO, 176 - PORTO ALEGRE, RS - CEP 91920560","R. Prof. Dr. João Pitta Pinheiro Filho, 176 - Camaquã, Porto Alegre - RS, 91920-560, Brazil",street_number,gmaps_prob1,4
"https://www.google.com/maps/@-30.1083543,-51.235535,19z",-51.235535,-30.10835429999999,2264528,UNIDADE DE SAUDE CAMAQUA,PORTO ALEGRE,431490,"RUA PROF JOAO PITTA PINHEIRO FILHO, 176 - PORTO ALEGRE, RS - CEP 91920560","R. Prof. Dr. João Pitta Pinheiro Filho, 176 - Camaquã, Porto Alegre - RS, 91920-560, Brazil",street_number,gmaps_prob1,3
"https://www.google.com/maps/@-30.1083543,-51.235535,19z",-51.235535,-30.10835429999999,6883095,EESCA SCS,PORTO ALEGRE,431490,"RUA PITTA PINHEIRO FILHO, 176 - PORTO ALEGRE, RS - CEP 91920560","R. Prof. Dr. João Pitta Pinheiro Filho, 176 - Camaquã, Porto Alegre - RS, 91920-560, Brazil",street_number,gmaps_prob1,3
"https://www.google.com/maps/@-30.1083543,-51.235535,19z",-51.235535,-30.10835429999999,6883109,ESMA SCS,PORTO ALEGRE,431490,"RUA PITTA PINHEIRO FILHO, 176 - PORTO ALEGRE, RS - CEP 91920560","R. Prof. Dr. João Pitta Pinheiro Filho, 176 - Camaquã, Porto Alegre - RS, 91920-560, Brazil",street_number,gmaps_prob1,3
"https://www.google.com/maps/@-30.1083543,-51.235535,19z",-51.235535,-30.10835429999999,6924492,AMBULATORIO DE ESPECIALIDADES CAMAQUA,PORTO ALEGRE,431490,"PROF JOAO PITTA PINHEIRO FILHO, 176 - PORTO ALEGRE, RS - CEP 91920560","R. Prof. Dr. João Pitta Pinheiro Filho, 176 - Camaquã, Porto Alegre - RS, 91920-560, Brazil",street_number,gmaps_prob1,3
"https://www.google.com/maps/@-30.0285495,-51.2324692,19z",-51.2324692,-30.0285495,9194754,CTA SANTA MARTA,PORTO ALEGRE,431490,"RUA CAPITAO MONTANHA, 27 - PORTO ALEGRE, RS - CEP 90010040","R. Cap. Montanha, 27 - Centro Histórico, Porto Alegre - RS, 90010-040, Brazil",street_number,gmaps_prob1,10
"https://www.google.com/maps/@-30.0285495,-51.2324692,19z",-51.2324692,-30.0285495,7210280,SAE SANTA MARTA,PORTO ALEGRE,431490,"RUA CAPITAO MONTANHA, 27 - PORTO ALEGRE, RS - CEP 90010040","R. Cap. Montanha, 27 - Centro Histórico, Porto Alegre - RS, 90010-040, Brazil",street_number,gmaps_prob1,10
"https://www.google.com/maps/@-30.0285495,-51.2324692,19z",-51.2324692,-30.0285495,6883427,EESCA CENTRO,PORTO ALEGRE,431490,"CAPITAO MONTANHA, 27 - PORTO ALEGRE, RS - CEP 90010040","R. Cap. Montanha, 27 - Centro Histórico, Porto Alegre - RS, 90010-040, Brazil",street_number,gmaps_prob1,10
"https://www.google.com/maps/@-30.0285495,-51.2324692,19z",-51.2324692,-30.0285495,6883397,ESMA CENTRO,PORTO ALEGRE,431490,"RUA CAPITAO MONTANHA, 27 - PORTO ALEGRE, RS - CEP 90010040","R. Cap. Montanha, 27 - Centro Histórico, Porto Alegre - RS, 90010-040, Brazil",street_number,gmaps_prob1,10
"https://www.google.com/maps/@-30.0285495,-51.2324692,19z",-51.2324692,-30.0285495,7942656,SERVICO DE ESTOMATERAPIA SANTA MARTA,PORTO ALEGRE,431490,"RUA CAPITAO MONTANHA, 27 - PORTO ALEGRE, RS - CEP 90010040","R. Cap. Montanha, 27 - Centro Histórico, Porto Alegre - RS, 90010-040, Brazil",street_number,gmaps_prob1,10
"https://www.google.com/maps/@-30.0285495,-51.2324692,19z",-51.2324692,-30.0285495,7250479,GERENCIA DISTRITAL CENTRO,PORTO ALEGRE,431490,"RUA CAPITAO MONTANHA, 27 - PORTO ALEGRE, RS - CEP 90010040","R. Cap. Montanha, 27 - Centro Histórico, Porto Alegre - RS, 90010-040, Brazil",street_number,gmaps_prob1,10
"https://www.google.com/maps/@-30.0285495,-51.2324692,19z",-51.2324692,-30.0285495,7031076,CENTRO DE ESPECIALIDADES ODONTOLOGICAS CEO SANTA MARTA,PORTO ALEGRE,431490,"RUA CAPITAO MONTANHA, 27 - PORTO ALEGRE, RS - CEP 90010040","R. Cap. Montanha, 27 - Centro Histórico, Porto Alegre - RS, 90010-040, Brazil",street_number,gmaps_prob1,10
"https://www.google.com/maps/@-30.0285495,-51.2324692,19z",-51.2324692,-30.0285495,6883435,NUCLEO DE APOIO MATRICIAL DA AB CENTRO,PORTO ALEGRE,431490,"RUA CAPITAO MONTANHA, 27 - PORTO ALEGRE, RS - CEP 90010040","R. Cap. Montanha, 27 - Centro Histórico, Porto Alegre - RS, 90010-040, Brazil",street_number,gmaps_prob1,10
"https://www.google.com/maps/@-30.0285495,-51.2324692,19z",-51.2324692,-30.0285495,2237334,AMBULATORIO DE ESPECIALIDADES SANTA MARTA,PORTO ALEGRE,431490,"RUA CAPITAO MONTANHA, 27 - PORTO ALEGRE, RS - CEP 90010040","R. Cap. Montanha, 27 - Centro Histórico, Porto Alegre - RS, 90010-040, Brazil",street_number,gmaps_prob1,10
"https://www.google.com/maps/@-30.0285495,-51.2324692,19z",-51.2324692,-30.0285495,2264307,CEREST PORTO ALEGRE,PORTO ALEGRE,431490,"RUA CAPITAO MONTANHA, 27 - PORTO ALEGRE, RS - CEP 90010040","R. Cap. Montanha, 27 - Centro Histórico, Porto Alegre - RS, 90010-040, Brazil",street_number,gmaps_prob1,10
"https://www.google.com/maps/@-30.0285495,-51.2324692,19z",-51.2324692,-30.0285495,9115870,SERVICO DE APOIO DIAGNOSTICO SANTA MARTA,PORTO ALEGRE,431490,"AVENIDA CAPITAO MONTANHA, 27 - PORTO ALEGRE, RS - CEP 90010040","R. Cap. Montanha, 27 - Centro Histórico, Porto Alegre - RS, 90010-040, Brazil",street_number,gmaps_prob1,10
"https://www.google.com/maps/@-30.0285495,-51.2324692,19z",-51.2324692,-30.0285495,2237334,AMBULATORIO DE ESPECIALIDADES SANTA MARTA,PORTO ALEGRE,431490,"RUA CAPITAO MONTANHA, 27 - PORTO ALEGRE, RS - CEP 90010040","R. Cap. Montanha, 27 - Centro Histórico, Porto Alegre - RS, 90010-040, Brazil",street_number,gmaps_prob1,8
"https://www.google.com/maps/@-30.0285495,-51.2324692,19z",-51.2324692,-30.0285495,2264307,CEREST PORTO ALEGRE,PORTO ALEGRE,431490,"RUA CAPITAO MONTANHA, 27 - PORTO ALEGRE, RS - CEP 90010040","R. Cap. Montanha, 27 - Centro Histórico, Porto Alegre - RS, 90010-040, Brazil",street_number,gmaps_prob1,8
"https://www.google.com/maps/@-30.0285495,-51.2324692,19z",-51.2324692,-30.0285495,6883397,ESMA CENTRO,PORTO ALEGRE,431490,"RUA CAPITAO MONTANHA, 27 - PORTO ALEGRE, RS - CEP 90010040","R. Cap. Montanha, 27 - Centro Histórico, Porto Alegre - RS, 90010-040, Brazil",street_number,gmaps_prob1,8
"https://www.google.com/maps/@-30.0285495,-51.2324692,19z",-51.2324692,-30.0285495,6883427,EESCA CENTRO,PORTO ALEGRE,431490,"CAPITAO MONTANHA, 27 - PORTO ALEGRE, RS - CEP 90010040","R. Cap. Montanha, 27 - Centro Histórico, Porto Alegre - RS, 90010-040, Brazil",street_number,gmaps_prob1,8
"https://www.google.com/maps/@-30.0285495,-51.2324692,19z",-51.2324692,-30.0285495,7031076,CENTRO DE ESPECIALIDADES ODONTOLOGICAS CEO SANTA MARTA,PORTO ALEGRE,431490,"RUA CAPITAO MONTANHA, 27 - PORTO ALEGRE, RS - CEP 90010040","R. Cap. Montanha, 27 - Centro Histórico, Porto Alegre - RS, 90010-040, Brazil",street_number,gmaps_prob1,8
"https://www.google.com/maps/@-30.0285495,-51.2324692,19z",-51.2324692,-30.0285495,7210280,SAE SANTA MARTA,PORTO ALEGRE,431490,"RUA CAPITAO MONTANHA, 27 - PORTO ALEGRE, RS - CEP 90010040","R. Cap. Montanha, 27 - Centro Histórico, Porto Alegre - RS, 90010-040, Brazil",street_number,gmaps_prob1,8
"https://www.google.com/maps/@-30.0285495,-51.2324692,19z",-51.2324692,-30.0285495,7942656,SERVICO DE ESTOMATERAPIA SANTA MARTA,PORTO ALEGRE,431490,"RUA CAPITAO MONTANHA, 27 - PORTO ALEGRE, RS - CEP 90010040","R. Cap. Montanha, 27 - Centro Histórico, Porto Alegre - RS, 90010-040, Brazil",street_number,gmaps_prob1,8
"https://www.google.com/maps/@-30.0285495,-51.2324692,19z",-51.2324692,-30.0285495,9115870,SERVICO DE APOIO DIAGNOSTICO SANTA MARTA,PORTO ALEGRE,431490,"AVENIDA CAPITAO MONTANHA, 27 - PORTO ALEGRE, RS - CEP 90010040","R. Cap. Montanha, 27 - Centro Histórico, Porto Alegre - RS, 90010-040, Brazil",street_number,gmaps_prob1,8
"https://www.google.com/maps/@-30.0285495,-51.2324692,19z",-51.2324692,-30.0285495,9194754,CTA SANTA MARTA,PORTO ALEGRE,431490,"RUA CAPITAO MONTANHA, 27 - PORTO ALEGRE, RS - CEP 90010040","R. Cap. Montanha, 27 - Centro Histórico, Porto Alegre - RS, 90010-040, Brazil",street_number,gmaps_prob1,8
"https://www.google.com/maps/@-30.0691392,-51.2161991,19z",-51.2161991,-30.0691392,6883206,CENTRO DE ESPECIALIDADES ODONTOLOGICAS CEO GCC,PORTO ALEGRE,431490,"MOAB CALDAS, 400 - PORTO ALEGRE, RS - CEP 90880310","Av. Moab Caldas, 400 - Santa Tereza, Porto Alegre - RS, 90880-310, Brazil",street_number,gmaps_prob1,10
"https://www.google.com/maps/@-30.0691392,-51.2161991,19z",-51.2161991,-30.0691392,9346333,SERVICO DE OXIGENOTERAPIA,PORTO ALEGRE,431490,"MOAB CALDAS, 400 - PORTO ALEGRE, RS - CEP 90880310","Av. Moab Caldas, 400 - Santa Tereza, Porto Alegre - RS, 90880-310, Brazil",street_number,gmaps_prob1,10
"https://www.google.com/maps/@-30.0691392,-51.2161991,19z",-51.2161991,-30.0691392,6883222,ESMA GCC,PORTO ALEGRE,431490,"MOAB CALDAS, 400 - PORTO ALEGRE, RS - CEP 90880310","Av. Moab Caldas, 400 - Santa Tereza, Porto Alegre - RS, 90880-310, Brazil",street_number,gmaps_prob1,10
"https://www.google.com/maps/@-30.0691392,-51.2161991,19z",-51.2161991,-30.0691392,9115862,SERVICO DE APOIO DIAGNOSTICO VILA DOS COMERCIARIOS,PORTO ALEGRE,431490,"MOAB CALDAS, 400 - PORTO ALEGRE, RS - CEP 90880310","Av. Moab Caldas, 400 - Santa Tereza, Porto Alegre - RS, 90880-310, Brazil",street_number,gmaps_prob1,10
"https://www.google.com/maps/@-30.0691392,-51.2161991,19z",-51.2161991,-30.0691392,6883214,EESCA GCC,PORTO ALEGRE,431490,"MOAB CALDAS, 400 - PORTO ALEGRE, RS - CEP 90880310","Av. Moab Caldas, 400 - Santa Tereza, Porto Alegre - RS, 90880-310, Brazil",street_number,gmaps_prob1,10
"https://www.google.com/maps/@-30.0691392,-51.2161991,19z",-51.2161991,-30.0691392,6924506,SERVICO DE ATENDIMENTO ESPECIALIZADO SAE VILA COMERCIARIOS,PORTO ALEGRE,431490,"MOAB CALDAS, 400 - PORTO ALEGRE, RS - CEP 90880310","Av. Moab Caldas, 400 - Santa Tereza, Porto Alegre - RS, 90880-310, Brazil",street_number,gmaps_prob1,10
"https://www.google.com/maps/@-30.0691392,-51.2161991,19z",-51.2161991,-30.0691392,7942648,SERVICO DE ESTOMATERAPIA VILA DOS COMERCIARIOS,PORTO ALEGRE,431490,"AV MOAB CALDAS, 400 - PORTO ALEGRE, RS - CEP 90880310","Av. Moab Caldas, 400 - Santa Tereza, Porto Alegre - RS, 90880-310, Brazil",street_number,gmaps_prob1,10
"https://www.google.com/maps/@-30.0691392,-51.2161991,19z",-51.2161991,-30.0691392,7249861,GERENCIA DISTRITAL GCC,PORTO ALEGRE,431490,"RUA MOAB CALDAS, 400 - PORTO ALEGRE, RS - CEP 90880310","Av. Moab Caldas, 400 - Santa Tereza, Porto Alegre - RS, 90880-310, Brazil",street_number,gmaps_prob1,10
"https://www.google.com/maps/@-30.0691392,-51.2161991,19z",-51.2161991,-30.0691392,2693356,LABORATORIO CENTRAL DO MUNICIPIO DE PORTO ALEGRE,PORTO ALEGRE,431490,"RUA MOAB CALDAS, 400 - PORTO ALEGRE, RS - CEP 90850530","Av. Moab Caldas, 400 - Santa Tereza, Porto Alegre - RS, 90880-310, Brazil",street_number,gmaps_prob1,10
"https://www.google.com/maps/@-30.0691392,-51.2161991,19z",-51.2161991,-30.0691392,6924468,CRTB GCC,PORTO ALEGRE,431490,"MOAB CALDAS, 400 - PORTO ALEGRE, RS - CEP 90880310","Av. Moab Caldas, 400 - Santa Tereza, Porto Alegre - RS, 90880-310, Brazil",street_number,gmaps_prob1,10
"https://www.google.com/maps/@-30.0691392,-51.2161991,19z",-51.2161991,-30.0691392,2693356,LABORATORIO CENTRAL DO MUNICIPIO DE PORTO ALEGRE,PORTO ALEGRE,431490,"RUA MOAB CALDAS, 400 - PORTO ALEGRE, RS - CEP 90850530","Av. Moab Caldas, 400 - Santa Tereza, Porto Alegre - RS, 90880-310, Brazil",street_number,gmaps_prob1,9
"https://www.google.com/maps/@-30.0691392,-51.2161991,19z",-51.2161991,-30.0691392,6883206,CENTRO DE ESPECIALIDADES ODONTOLOGICAS CEO GCC,PORTO ALEGRE,431490,"MOAB CALDAS, 400 - PORTO ALEGRE, RS - CEP 90880310","Av. Moab Caldas, 400 - Santa Tereza, Porto Alegre - RS, 90880-310, Brazil",street_number,gmaps_prob1,9
"https://www.google.com/maps/@-30.0691392,-51.2161991,19z",-51.2161991,-30.0691392,6883214,EESCA GCC,PORTO ALEGRE,431490,"MOAB CALDAS, 400 - PORTO ALEGRE, RS - CEP 90880310","Av. Moab Caldas, 400 - Santa Tereza, Porto Alegre - RS, 90880-310, Brazil",street_number,gmaps_prob1,9
"https://www.google.com/maps/@-30.0691392,-51.2161991,19z",-51.2161991,-30.0691392,6883222,ESMA GCC,PORTO ALEGRE,431490,"MOAB CALDAS, 400 - PORTO ALEGRE, RS - CEP 90880310","Av. Moab Caldas, 400 - Santa Tereza, Porto Alegre - RS, 90880-310, Brazil",street_number,gmaps_prob1,9
"https://www.google.com/maps/@-30.0691392,-51.2161991,19z",-51.2161991,-30.0691392,6924468,CRTB GCC,PORTO ALEGRE,431490,"MOAB CALDAS, 400 - PORTO ALEGRE, RS - CEP 90880310","Av. Moab Caldas, 400 - Santa Tereza, Porto Alegre - RS, 90880-310, Brazil",street_number,gmaps_prob1,9
"https://www.google.com/maps/@-30.0691392,-51.2161991,19z",-51.2161991,-30.0691392,6924506,SERVICO DE ATENDIMENTO ESPECIALIZADO SAE VILA COMERCIARIOS,PORTO ALEGRE,431490,"MOAB CALDAS, 400 - PORTO ALEGRE, RS - CEP 90880310","Av. Moab Caldas, 400 - Santa Tereza, Porto Alegre - RS, 90880-310, Brazil",street_number,gmaps_prob1,9
"https://www.google.com/maps/@-30.0691392,-51.2161991,19z",-51.2161991,-30.0691392,7942648,SERVICO DE ESTOMATERAPIA VILA DOS COMERCIARIOS,PORTO ALEGRE,431490,"AV MOAB CALDAS, 400 - PORTO ALEGRE, RS - CEP 90880310","Av. Moab Caldas, 400 - Santa Tereza, Porto Alegre - RS, 90880-310, Brazil",street_number,gmaps_prob1,9
"https://www.google.com/maps/@-30.0691392,-51.2161991,19z",-51.2161991,-30.0691392,9115862,SERVICO DE APOIO DIAGNOSTICO VILA DOS COMERCIARIOS,PORTO ALEGRE,431490,"MOAB CALDAS, 400 - PORTO ALEGRE, RS - CEP 90880310","Av. Moab Caldas, 400 - Santa Tereza, Porto Alegre - RS, 90880-310, Brazil",street_number,gmaps_prob1,9
"https://www.google.com/maps/@-30.0691392,-51.2161991,19z",-51.2161991,-30.0691392,9346333,SERVICO DE OXIGENOTERAPIA,PORTO ALEGRE,431490,"MOAB CALDAS, 400 - PORTO ALEGRE, RS - CEP 90880310","Av. Moab Caldas, 400 - Santa Tereza, Porto Alegre - RS, 90880-310, Brazil",street_number,gmaps_prob1,9
"https://www.google.com/maps/@-30.069065094,-51.2161588669,19z",-51.2161588669,-30.069065094,6883184,UNIDADE DE SAUDE VILA DOS COMERCIARIOS,PORTO ALEGRE,431490,"MOAB CALDAS, 400 - PORTO ALEGRE, RS - CEP 90880310","Av. Moab Caldas, 400 - Santa Tereza, Porto Alegre - RS, 90880-310, Brazil",PMAQ,PMAQ,10
"https://www.google.com/maps/@-30.069065094,-51.2161588669,19z",-51.2161588669,-30.069065094,6883184,UNIDADE DE SAUDE VILA DOS COMERCIARIOS,PORTO ALEGRE,431490,"MOAB CALDAS, 400 - PORTO ALEGRE, RS - CEP 90880310","Av. Moab Caldas, 400 - Santa Tereza, Porto Alegre - RS, 90880-310, Brazil",PMAQ,PMAQ,9
"https://www.google.com/maps/@-30.069065094,-51.2161588669,19z",-51.2161588669,-30.069065094,6883184,UNIDADE DE SAUDE MOAB CALDAS,PORTO ALEGRE,431490,"MOAB CALDAS, 400 - PORTO ALEGRE, RS - CEP 90880310","Av. Moab Caldas, 400 - Santa Tereza, Porto Alegre - RS, 90880-310, Brazil",PMAQ,PMAQ,9
"https://www.google.com/maps/@-30.1194289,-51.2077738,19z",-51.2077738,-30.1194289,2262509,SER SERVICO DE DOENCAS RENAIS LTDA,PORTO ALEGRE,431490,"R CATARINO ANDREATTA, 155 - PORTO ALEGRE, RS - CEP 91750040","R. Catarino Andreatta, 155 - Vila Nova, Porto Alegre - RS, 91750-040, Brazil",street_number,gmaps_prob1,4
"https://www.google.com/maps/@-30.1194289,-51.2077738,19z",-51.2077738,-30.1194289,2693801,ASSOCIACAO HOSPITALAR VILA NOVA,PORTO ALEGRE,431490,"RUA CATARINO ANDREATTA, 155 - PORTO ALEGRE, RS - CEP 91750040","R. Catarino Andreatta, 155 - Vila Nova, Porto Alegre - RS, 91750-040, Brazil",street_number,gmaps_prob1,4
"https://www.google.com/maps/@-30.1194289,-51.2077738,19z",-51.2077738,-30.1194289,9251715,CENTRO MEDICO VILA NOVA,PORTO ALEGRE,431490,"RUA CATARINO ANDREATTA, 155 - PORTO ALEGRE, RS - CEP 91750400","R. Catarino Andreatta, 155 - Vila Nova, Porto Alegre - RS, 91750-040, Brazil",street_number,gmaps_prob1,4
"https://www.google.com/maps/@-30.1194289,-51.2077738,19z",-51.2077738,-30.1194289,6957544,EQUIPE DE SAUDE PRISIONAL VILA NOVA MADRE PELLETIER,PORTO ALEGRE,431490,"RUA CATARINO ANDREATTA, 155 - PORTO ALEGRE, RS - CEP 91750040","R. Catarino Andreatta, 155 - Vila Nova, Porto Alegre - RS, 91750-040, Brazil",street_number,gmaps_prob1,4
"https://www.google.com/maps/@-30.1194289,-51.2077738,19z",-51.2077738,-30.1194289,6957560,EQUIPE DE SAUDE PRISIONAL VILA NOVA PCPA 1,PORTO ALEGRE,431490,"RUA CATARINO ANDREATTA, 155 - PORTO ALEGRE, RS - CEP 91750040","R. Catarino Andreatta, 155 - Vila Nova, Porto Alegre - RS, 91750-040, Brazil",street_number,gmaps_prob1,4
"https://www.google.com/maps/@-30.1194289,-51.2077738,19z",-51.2077738,-30.1194289,6957560,EQUIPE DE SAUDE PRISIONAL VILA NOVA PCPA,PORTO ALEGRE,431490,"RUA CATARINO ANDREATTA, 155 - PORTO ALEGRE, RS - CEP 91750040","R. Catarino Andreatta, 155 - Vila Nova, Porto Alegre - RS, 91750-040, Brazil",street_number,gmaps_prob1,4
"https://www.google.com/maps/@-30.000144,-51.2000529,19z",-51.2000529,-30.000144,7307446,ESMA NAVEGANTES,PORTO ALEGRE,431490,"AV PRESID FRANKLIN ROOSEVELT, 5 - PORTO ALEGRE, RS - CEP 90230000","Av. Pres. Franklin Roosevelt, 5 - Navegantes, Porto Alegre - RS, 90230-000, Brazil",street_number,gmaps_prob1,3
"https://www.google.com/maps/@-30.000144,-51.2000529,19z",-51.2000529,-30.000144,2264331,UNIDADE DE SAUDE NAVEGANTES,PORTO ALEGRE,431490,"AV PRESIDENTE FRANKLIN ROOSEVELT, 5 - PORTO ALEGRE, RS - CEP 90230000","Av. Pres. Franklin Roosevelt, 5 - Navegantes, Porto Alegre - RS, 90230-000, Brazil",street_number,gmaps_prob1,3
"https://www.google.com/maps/@-30.000144,-51.2000529,19z",-51.2000529,-30.000144,6924441,CRTB NAVEGANTES,PORTO ALEGRE,431490,"FRANKLIN ROOSEVELT, 5 - PORTO ALEGRE, RS - CEP 90230000","Av. Pres. Franklin Roosevelt, 5 - Navegantes, Porto Alegre - RS, 90230-000, Brazil",street_number,gmaps_prob1,3
"https://www.google.com/maps/@-30.000144,-51.2000529,19z",-51.2000529,-30.000144,9130217,EESCA NAVEGANTES,PORTO ALEGRE,431490,"AV PRESIDENTE FRANKLIN ROOSEVELT, 5 - PORTO ALEGRE, RS - CEP 90230000","Av. Pres. Franklin Roosevelt, 5 - Navegantes, Porto Alegre - RS, 90230-000, Brazil",street_number,gmaps_prob1,3
"https://www.google.com/maps/@-30.000144,-51.2000529,19z",-51.2000529,-30.000144,7307446,ESMA NHNI NAVEGANTES,PORTO ALEGRE,431490,"AV PRESID FRANKLIN ROOSEVELT, 5 - PORTO ALEGRE, RS - CEP 90230000","Av. Pres. Franklin Roosevelt, 5 - Navegantes, Porto Alegre - RS, 90230-000, Brazil",street_number,gmaps_prob1,3
"https://www.google.com/maps/@-30.000144,-51.2000529,19z",-51.2000529,-30.000144,9130217,EESCA NHNI NAVEGANTES,PORTO ALEGRE,431490,"AV PRESIDENTE FRANKLIN ROOSEVELT, 5 - PORTO ALEGRE, RS - CEP 90230000","Av. Pres. Franklin Roosevelt, 5 - Navegantes, Porto Alegre - RS, 90230-000, Brazil",street_number,gmaps_prob1,3
"https://www.google.com/maps/@-30.0632821,-51.1788519,19z",-51.17885190000001,-30.0632821,8006881,AMBULATORIO DE ESPECIALIDADES MURIALDO,PORTO ALEGRE,431490,"AV BENTO GONCALVES, 3722 - PORTO ALEGRE, RS - CEP 90650001","Av. Bento Gonçalves, 3722 - Partenon, Porto Alegre - RS, 90650-001, Brazil",street_number,gmaps_prob1,4
"https://www.google.com/maps/@-30.0632821,-51.1788519,19z",-51.17885190000001,-30.0632821,2237768,HEMOCENTRO DO ESTADO DO RIO GRANDE DO SUL HEMORGS,PORTO ALEGRE,431490,"AV BENTO GONCALVES, 3722 - PORTO ALEGRE, RS - CEP 90650000","Av. Bento Gonçalves, 3722 - Partenon, Porto Alegre - RS, 90650-001, Brazil",street_number,gmaps_prob1,4
"https://www.google.com/maps/@-30.0632821,-51.1788519,19z",-51.17885190000001,-30.0632821,7250487,GERENCIA DISTRITAL PLP,PORTO ALEGRE,431490,"AVENIDA BENTO GONCALVES, 3722 - PORTO ALEGRE, RS - CEP 90650001","Av. Bento Gonçalves, 3722 - Partenon, Porto Alegre - RS, 90650-001, Brazil",street_number,gmaps_prob1,4
"https://www.google.com/maps/@-30.0632821,-51.1788519,19z",-51.17885190000001,-30.0632821,9150935,SERVICO DE APOIO DIAGNOSTICO MURIALDO,PORTO ALEGRE,431490,"AVENIDA BENTO GONCALVES, 3722 - PORTO ALEGRE, RS - CEP 90650001","Av. Bento Gonçalves, 3722 - Partenon, Porto Alegre - RS, 90650-001, Brazil",street_number,gmaps_prob1,4
"https://www.google.com/maps/@-30.0632821,-51.1788519,19z",-51.17885190000001,-30.0632821,6883478,EESCA PLP,PORTO ALEGRE,431490,"AV BENTO GONCALVES, 3722 - PORTO ALEGRE, RS - CEP 90650001","Av. Bento Gonçalves, 3722 - Partenon, Porto Alegre - RS, 90650-001, Brazil",street_number,gmaps_prob1,4
"https://www.google.com/maps/@-30.0632821,-51.1788519,19z",-51.17885190000001,-30.0632821,2237768,HEMOCENTRO DO ESTADO DO RIO GRANDE DO SUL HEMORGS,PORTO ALEGRE,431490,"AV BENTO GONCALVES, 3722 - PORTO ALEGRE, RS - CEP 90650000","Av. Bento Gonçalves, 3722 - Partenon, Porto Alegre - RS, 90650-001, Brazil",street_number,gmaps_prob1,3
"https://www.google.com/maps/@-30.0632821,-51.1788519,19z",-51.17885190000001,-30.0632821,6883478,EESCA PLP,PORTO ALEGRE,431490,"AV BENTO GONCALVES, 3722 - PORTO ALEGRE, RS - CEP 90650001","Av. Bento Gonçalves, 3722 - Partenon, Porto Alegre - RS, 90650-001, Brazil",street_number,gmaps_prob1,3
"https://www.google.com/maps/@-30.0632821,-51.1788519,19z",-51.17885190000001,-30.0632821,8006881,AMBULATORIO DE ESPECIALIDADES MURIALDO,PORTO ALEGRE,431490,"AV BENTO GONCALVES, 3722 - PORTO ALEGRE, RS - CEP 90650001","Av. Bento Gonçalves, 3722 - Partenon, Porto Alegre - RS, 90650-001, Brazil",street_number,gmaps_prob1,3
"https://www.google.com/maps/@-30.0632821,-51.1788519,19z",-51.17885190000001,-30.0632821,9150935,SERVICO DE APOIO DIAGNOSTICO MURIALDO,PORTO ALEGRE,431490,"AVENIDA BENTO GONCALVES, 3722 - PORTO ALEGRE, RS - CEP 90650001","Av. Bento Gonçalves, 3722 - Partenon, Porto Alegre - RS, 90650-001, Brazil",street_number,gmaps_prob1,3
"https://www.google.com/maps/@-30.0144344,-51.1778809,19z",-51.1778809,-30.0144344,7249837,GERENCIA DISTRITAL NHNI,PORTO ALEGRE,431490,"RUA TRES DE ABRIL, 90 - PORTO ALEGRE, RS - CEP 90520200","R. Três de Abril, 90 - Passo d'Areia, Porto Alegre - RS, 90520-200, Brazil",street_number,gmaps_prob1,12
"https://www.google.com/maps/@-30.0144344,-51.1778809,19z",-51.1778809,-30.0144344,6883303,UNIDADE DE SAUDE IAPI,PORTO ALEGRE,431490,"RUA TRES DE ABRIL, 90 - PORTO ALEGRE, RS - CEP 90520200","R. Três de Abril, 90 - Passo d'Areia, Porto Alegre - RS, 90520-200, Brazil",street_number,gmaps_prob1,12
"https://www.google.com/maps/@-30.0144344,-51.1778809,19z",-51.1778809,-30.0144344,2237776,CENTRO INTEGRADO DE ATENCAO SAUDE TRABALHADOR CIAST,PORTO ALEGRE,431490,"RUA TRES DE ABRIL, 90 - PORTO ALEGRE, RS - CEP 90520200","R. Três de Abril, 90 - Passo d'Areia, Porto Alegre - RS, 90520-200, Brazil",street_number,gmaps_prob1,12
"https://www.google.com/maps/@-30.0144344,-51.1778809,19z",-51.1778809,-30.0144344,2264625,CASA DE APOIO VIVA MARIA,PORTO ALEGRE,431490,"RUA TRES DE ABRIL, 90 - PORTO ALEGRE, RS - CEP 90520200","R. Três de Abril, 90 - Passo d'Areia, Porto Alegre - RS, 90520-200, Brazil",street_number,gmaps_prob1,12
"https://www.google.com/maps/@-30.0144344,-51.1778809,19z",-51.1778809,-30.0144344,6950086,SAE IAPI,PORTO ALEGRE,431490,"TRES DE ABRIL, 90 - PORTO ALEGRE, RS - CEP 90520200","R. Três de Abril, 90 - Passo d'Areia, Porto Alegre - RS, 90520-200, Brazil",street_number,gmaps_prob1,12
"https://www.google.com/maps/@-30.0144344,-51.1778809,19z",-51.1778809,-30.0144344,7031068,CENTRO DE REABILITACAO IAPI,PORTO ALEGRE,431490,"RUA TRES DE ABRIL, 90 - PORTO ALEGRE, RS - CEP 90520200","R. Três de Abril, 90 - Passo d'Areia, Porto Alegre - RS, 90520-200, Brazil",street_number,gmaps_prob1,12
"https://www.google.com/maps/@-30.0144344,-51.1778809,19z",-51.1778809,-30.0144344,2237385,AMBULATORIO DE ESPECIALIDADES IAPI,PORTO ALEGRE,431490,"RUA TRES DE ABRIL, 90 - PORTO ALEGRE, RS - CEP 90520200","R. Três de Abril, 90 - Passo d'Areia, Porto Alegre - RS, 90520-200, Brazil",street_number,gmaps_prob1,12
"https://www.google.com/maps/@-30.0144344,-51.1778809,19z",-51.1778809,-30.0144344,2264242,ESMA IAPI,PORTO ALEGRE,431490,"R TRES DE ABRIL, 90 - PORTO ALEGRE, RS - CEP 90520200","R. Três de Abril, 90 - Passo d'Areia, Porto Alegre - RS, 90520-200, Brazil",street_number,gmaps_prob1,12
"https://www.google.com/maps/@-30.0144344,-51.1778809,19z",-51.1778809,-30.0144344,7975392,SERVICO DE ESTOMATERAPIA IAPI,PORTO ALEGRE,431490,"RUA 3 DE ABRIL, 90 - PORTO ALEGRE, RS - CEP 90520200","R. Três de Abril, 90 - Passo d'Areia, Porto Alegre - RS, 90520-200, Brazil",street_number,gmaps_prob1,12
"https://www.google.com/maps/@-30.0144344,-51.1778809,19z",-51.1778809,-30.0144344,6883338,EESCA IAPI,PORTO ALEGRE,431490,"RUA TRES DE ABRIL, 90 - PORTO ALEGRE, RS - CEP 90520200","R. Três de Abril, 90 - Passo d'Areia, Porto Alegre - RS, 90520-200, Brazil",street_number,gmaps_prob1,12
"https://www.google.com/maps/@-30.0144344,-51.1778809,19z",-51.1778809,-30.0144344,9115846,SERVICO DE APOIO DIAGNOSTICO IAPI,PORTO ALEGRE,431490,"RUA TRES DE ABRIL, 90 - PORTO ALEGRE, RS - CEP 90520200","R. Três de Abril, 90 - Passo d'Areia, Porto Alegre - RS, 90520-200, Brazil",street_number,gmaps_prob1,12
"https://www.google.com/maps/@-30.0144344,-51.1778809,19z",-51.1778809,-30.0144344,2237830,COPAST,PORTO ALEGRE,431490,"RUA TRES DE ABRIL, 90 - PORTO ALEGRE, RS - CEP 90520200","R. Três de Abril, 90 - Passo d'Areia, Porto Alegre - RS, 90520-200, Brazil",street_number,gmaps_prob1,12
"https://www.google.com/maps/@-30.0144344,-51.1778809,19z",-51.1778809,-30.0144344,7214448,CENTRO DE ESPECIALIDADES ODONTOLOGICAS CEO IAPI,PORTO ALEGRE,431490,"RUA TRES DE ABRIL, 90 - PORTO ALEGRE, RS - CEP 90520200","R. Três de Abril, 90 - Passo d'Areia, Porto Alegre - RS, 90520-200, Brazil",street_number,gmaps_prob1,12
"https://www.google.com/maps/@-30.0144344,-51.1778809,19z",-51.1778809,-30.0144344,2237385,AMBULATORIO DE ESPECIALIDADES IAPI,PORTO ALEGRE,431490,"RUA TRES DE ABRIL, 90 - PORTO ALEGRE, RS - CEP 90520200","R. Três de Abril, 90 - Passo d'Areia, Porto Alegre - RS, 90520-200, Brazil",street_number,gmaps_prob1,10
"https://www.google.com/maps/@-30.0144344,-51.1778809,19z",-51.1778809,-30.0144344,2237830,COPAST,PORTO ALEGRE,431490,"RUA TRES DE ABRIL, 90 - PORTO ALEGRE, RS - CEP 90520200","R. Três de Abril, 90 - Passo d'Areia, Porto Alegre - RS, 90520-200, Brazil",street_number,gmaps_prob1,10
"https://www.google.com/maps/@-30.0144344,-51.1778809,19z",-51.1778809,-30.0144344,2264242,ESMA IAPI,PORTO ALEGRE,431490,"R TRES DE ABRIL, 90 - PORTO ALEGRE, RS - CEP 90520200","R. Três de Abril, 90 - Passo d'Areia, Porto Alegre - RS, 90520-200, Brazil",street_number,gmaps_prob1,10
"https://www.google.com/maps/@-30.0144344,-51.1778809,19z",-51.1778809,-30.0144344,2264625,CASA DE APOIO VIVA MARIA,PORTO ALEGRE,431490,"RUA TRES DE ABRIL, 90 - PORTO ALEGRE, RS - CEP 90520200","R. Três de Abril, 90 - Passo d'Areia, Porto Alegre - RS, 90520-200, Brazil",street_number,gmaps_prob1,10
"https://www.google.com/maps/@-30.0144344,-51.1778809,19z",-51.1778809,-30.0144344,6883303,UNIDADE DE SAUDE IAPI,PORTO ALEGRE,431490,"RUA TRES DE ABRIL, 90 - PORTO ALEGRE, RS - CEP 90520200","R. Três de Abril, 90 - Passo d'Areia, Porto Alegre - RS, 90520-200, Brazil",street_number,gmaps_prob1,10
"https://www.google.com/maps/@-30.0144344,-51.1778809,19z",-51.1778809,-30.0144344,6883338,EESCA IAPI,PORTO ALEGRE,431490,"RUA TRES DE ABRIL, 90 - PORTO ALEGRE, RS - CEP 90520200","R. Três de Abril, 90 - Passo d'Areia, Porto Alegre - RS, 90520-200, Brazil",street_number,gmaps_prob1,10
"https://www.google.com/maps/@-30.0144344,-51.1778809,19z",-51.1778809,-30.0144344,6950086,SAE IAPI,PORTO ALEGRE,431490,"TRES DE ABRIL, 90 - PORTO ALEGRE, RS - CEP 90520200","R. Três de Abril, 90 - Passo d'Areia, Porto Alegre - RS, 90520-200, Brazil",street_number,gmaps_prob1,10
"https://www.google.com/maps/@-30.0144344,-51.1778809,19z",-51.1778809,-30.0144344,7031068,CENTRO DE REABILITACAO IAPI,PORTO ALEGRE,431490,"RUA TRES DE ABRIL, 90 - PORTO ALEGRE, RS - CEP 90520200","R. Três de Abril, 90 - Passo d'Areia, Porto Alegre - RS, 90520-200, Brazil",street_number,gmaps_prob1,10
"https://www.google.com/maps/@-30.0144344,-51.1778809,19z",-51.1778809,-30.0144344,7214448,CENTRO DE ESPECIALIDADES ODONTOLOGICAS CEO IAPI,PORTO ALEGRE,431490,"RUA TRES DE ABRIL, 90 - PORTO ALEGRE, RS - CEP 90520200","R. Três de Abril, 90 - Passo d'Areia, Porto Alegre - RS, 90520-200, Brazil",street_number,gmaps_prob1,10
"https://www.google.com/maps/@-30.0144344,-51.1778809,19z",-51.1778809,-30.0144344,7975392,SERVICO DE ESTOMATERAPIA IAPI,PORTO ALEGRE,431490,"RUA 3 DE ABRIL, 90 - PORTO ALEGRE, RS - CEP 90520200","R. Três de Abril, 90 - Passo d'Areia, Porto Alegre - RS, 90520-200, Brazil",street_number,gmaps_prob1,10
"https://www.google.com/maps/@-30.0144344,-51.1778809,19z",-51.1778809,-30.0144344,9115846,SERVICO DE APOIO DIAGNOSTICO IAPI,PORTO ALEGRE,431490,"RUA TRES DE ABRIL, 90 - PORTO ALEGRE, RS - CEP 90520200","R. Três de Abril, 90 - Passo d'Areia, Porto Alegre - RS, 90520-200, Brazil",street_number,gmaps_prob1,10
"https://www.google.com/maps/@-30.0144344,-51.1778809,19z",-51.1778809,-30.0144344,2264242,ESMA NHNI IAPI,PORTO ALEGRE,431490,"R TRES DE ABRIL, 90 - PORTO ALEGRE, RS - CEP 90520200","R. Três de Abril, 90 - Passo d'Areia, Porto Alegre - RS, 90520-200, Brazil",street_number,gmaps_prob1,10
"https://www.google.com/maps/@-30.0144344,-51.1778809,19z",-51.1778809,-30.0144344,6883338,EESCA NHNI IAPI,PORTO ALEGRE,431490,"RUA TRES DE ABRIL, 90 - PORTO ALEGRE, RS - CEP 90520200","R. Três de Abril, 90 - Passo d'Areia, Porto Alegre - RS, 90520-200, Brazil",street_number,gmaps_prob1,10
"https://www.google.com/maps/@-30.0431585,-51.1537205,19z",-51.1537205,-30.0431585,6537650,PRONTO ATENDIMENTO BOM JESUS,PORTO ALEGRE,431490,"RUA BOM JESUS, 410 - PORTO ALEGRE, RS - CEP 91420030","R. Bom Jesus, 410 - Bom Jesus, Porto Alegre - RS, 91420-030, Brazil",street_number,gmaps_prob1,3
"https://www.google.com/maps/@-30.0431585,-51.1537205,19z",-51.1537205,-30.0431585,2264188,AMBULATORIO DE ESPECIALIDADES BOM JESUS,PORTO ALEGRE,431490,"RUA BOM JESUS, 410 - PORTO ALEGRE, RS - CEP 91420030","R. Bom Jesus, 410 - Bom Jesus, Porto Alegre - RS, 91420-030, Brazil",street_number,gmaps_prob1,3
"https://www.google.com/maps/@-30.0431585,-51.1537205,19z",-51.1537205,-30.0431585,6925464,CRTB LENO,PORTO ALEGRE,431490,"RUA BOM JESUS, 410 - PORTO ALEGRE, RS - CEP 91420030","R. Bom Jesus, 410 - Bom Jesus, Porto Alegre - RS, 91420-030, Brazil",street_number,gmaps_prob1,3
"https://www.google.com/maps/@-30.0431585,-51.1537205,19z",-51.1537205,-30.0431585,7031092,CENTRO DE ESPECIALIDADES ODONTOLOGICAS CEO BOM JESUS,PORTO ALEGRE,431490,"RUA BOM JESUS, 410 - PORTO ALEGRE, RS - CEP 91420030","R. Bom Jesus, 410 - Bom Jesus, Porto Alegre - RS, 91420-030, Brazil",street_number,gmaps_prob1,3
"https://www.google.com/maps/@-30.158554,-51.140568,19z",-51.14056799999999,-30.158554,6957382,CENTRO DE REFERENCIA EM TUBERCULOSE RES,PORTO ALEGRE,431490,"RUA ABOLICAO, 850 - PORTO ALEGRE, RS - CEP 91790130","R. Abolição, 850 - Restinga, Porto Alegre - RS, 91790-130, Brazil",street_number,gmaps_prob1,3
"https://www.google.com/maps/@-30.158554,-51.140568,19z",-51.14056799999999,-30.158554,6883141,EESCA RES,PORTO ALEGRE,431490,"RUA ABOLICAO, 850 - PORTO ALEGRE, RS - CEP 91790130","R. Abolição, 850 - Restinga, Porto Alegre - RS, 91790-130, Brazil",street_number,gmaps_prob1,3
"https://www.google.com/maps/@-30.158554,-51.140568,19z",-51.14056799999999,-30.158554,2264587,UNIDADE DE SAUDE RESTINGA,PORTO ALEGRE,431490,"RUA DA ABOLICAO, 850 - PORTO ALEGRE, RS - CEP 91790130","R. Abolição, 850 - Restinga, Porto Alegre - RS, 91790-130, Brazil",street_number,gmaps_prob1,3
"https://www.google.com/maps/@-30.158554,-51.140568,19z",-51.14056799999999,-30.158554,6883133,ESMA RES,PORTO ALEGRE,431490,"RUA ABOLICAO, 850 - PORTO ALEGRE, RS - CEP 91790130","R. Abolição, 850 - Restinga, Porto Alegre - RS, 91790-130, Brazil",street_number,gmaps_prob1,3
"https://www.google.com/maps/@-30.158554,-51.140568,19z",-51.14056799999999,-30.158554,6883133,ESMA RESTINGA EXTREMO SUL,PORTO ALEGRE,431490,"RUA ABOLICAO, 850 - PORTO ALEGRE, RS - CEP 91790130","R. Abolição, 850 - Restinga, Porto Alegre - RS, 91790-130, Brazil",street_number,gmaps_prob1,3
"https://www.google.com/maps/@-30.158554,-51.140568,19z",-51.14056799999999,-30.158554,6883141,EESCA RESTINGA EXTREMO SUL,PORTO ALEGRE,431490,"RUA ABOLICAO, 850 - PORTO ALEGRE, RS - CEP 91790130","R. Abolição, 850 - Restinga, Porto Alegre - RS, 91790-130, Brazil",street_number,gmaps_prob1,3
"https://www.google.com/maps/@-30.039327,-51.1282008,19z",-51.12820079999999,-30.039327,6883281,EQUIPE DE MATRICIAMENTO LENO,PORTO ALEGRE,431490,"RUA MARIETA MENA BARRETO, 210 - PORTO ALEGRE, RS - CEP 91260090","R. Eva Laci Camargo Martins, 210 - Alto Petrópolis, Porto Alegre - RS, 91260-080, Brazil",street_number,gmaps_prob1,3
"https://www.google.com/maps/@-30.039327,-51.1282008,19z",-51.12820079999999,-30.039327,7249853,GERENCIA DISTRITAL LENO,PORTO ALEGRE,431490,"RUA MARIETA MENNA BARRETO, 210 - PORTO ALEGRE, RS - CEP 91260090","R. Eva Laci Camargo Martins, 210 - Alto Petrópolis, Porto Alegre - RS, 91260-080, Brazil",street_number,gmaps_prob1,3
"https://www.google.com/maps/@-30.039327,-51.1282008,19z",-51.12820079999999,-30.039327,6883265,ESMA LENO,PORTO ALEGRE,431490,"RUA MARIETA MENNA BARRETO, 210 - PORTO ALEGRE, RS - CEP 91260090","R. Eva Laci Camargo Martins, 210 - Alto Petrópolis, Porto Alegre - RS, 91260-080, Brazil",street_number,gmaps_prob1,3
"https://www.google.com/maps/@-30.039327,-51.1282008,19z",-51.12820079999999,-30.039327,2237792,UNIDADE DE SAUDE MORRO SANTANA,PORTO ALEGRE,431490,"RUA MARIETA MENNA BARRETO, 210 - PORTO ALEGRE, RS - CEP 91260090","R. Eva Laci Camargo Martins, 210 - Alto Petrópolis, Porto Alegre - RS, 91260-080, Brazil",street_number,gmaps_prob1,3
"https://www.google.com/maps/@-25.4339095,-49.2669344,19z",-49.2669344,-25.4339095,0015873,CEDISA,CURITIBA,410690,"RUA BARAO DO RIO BRANCO, 465 - CURITIBA, PR - CEP 80010180","R. Barão do Rio Branco, 465 - Centro, Curitiba - PR, 80010-180, Brazil",street_number,gmaps_prob1,3
"https://www.google.com/maps/@-25.4339095,-49.2669344,19z",-49.2669344,-25.4339095,0015253,CRE METROPOLITANO,CURITIBA,410690,"RUA BARAO DO RIO BRANCO, 465 - CURITIBA, PR - CEP 80010180","R. Barão do Rio Branco, 465 - Centro, Curitiba - PR, 80010-180, Brazil",street_number,gmaps_prob1,3
"https://www.google.com/maps/@-25.4339095,-49.2669344,19z",-49.2669344,-25.4339095,7412029,CEREST MACRO LESTE,CURITIBA,410690,"RUA BARAO DO RIO BRANCO DO SUL, 465 - CURITIBA, PR - CEP 80010180","R. Barão do Rio Branco, 465 - Centro, Curitiba - PR, 80010-180, Brazil",street_number,gmaps_prob1,3
"https://www.google.com/maps/@-25.4339095,-49.2669344,19z",-49.2669344,-25.4339095,6692397,CENTRO ESTADUAL DE SAUDE DO TRABALHADOR,CURITIBA,410690,"RUA BARAO DO RIO BRANCO, 465 - CURITIBA, PR - CEP 80010180","R. Barão do Rio Branco, 465 - Centro, Curitiba - PR, 80010-180, Brazil",street_number,gmaps_prob1,3
"https://www.google.com/maps/@-1.4758181,-48.4571612,19z",-48.4571612,-1.4758181,5500885,CENTRO DE ESPECIALIDADES ODONTOLOGICAS,BELEM,150140,"AV AUGUSTO CORREA, 1 - BELEM, PA - CEP 66013090","R. Augusto Corrêa, 1 - Universitário, Belém - PA, 66075-075, Brazil",street_number,gmaps_prob1,4
"https://www.google.com/maps/@-1.4758181,-48.4571612,19z",-48.4571612,-1.4758181,2337355,ASSISTENTE ODONTOLOGIA EM AMBULATORIO,BELEM,150140,"AV AUGUSTO CORREA, 1 - BELEM, PA - CEP 66050000","R. Augusto Corrêa, 1 - Universitário, Belém - PA, 66075-075, Brazil",street_number,gmaps_prob1,4
"https://www.google.com/maps/@-1.4758181,-48.4571612,19z",-48.4571612,-1.4758181,2694751,HOSPITAL UNIVERSITARIO BETTINA FERRO DE SOUZA,BELEM,150140,"AV AUGUSTO CORREA, 1 - BELEM, PA - CEP 66075110","R. Augusto Corrêa, 1 - Universitário, Belém - PA, 66075-075, Brazil",street_number,gmaps_prob1,4
"https://www.google.com/maps/@-1.4758181,-48.4571612,19z",-48.4571612,-1.4758181,9009035,SIDOPE UFPA,BELEM,150140,"RUA AUGUSTO CORREA, 1 - BELEM, PA - CEP 66075110","R. Augusto Corrêa, 1 - Universitário, Belém - PA, 66075-075, Brazil",street_number,gmaps_prob1,4
"https://www.google.com/maps/@-1.4758181,-48.4571612,19z",-48.4571612,-1.4758181,5099390,LABORATORIO DE VIROLOGIA LTDA,BELEM,150140,"RUA AUGUSTO CORREA, 1 - BELEM, PA - CEP 66075900","R. Augusto Corrêa, 1 - Universitário, Belém - PA, 66075-075, Brazil",street_number,gmaps_prob1,4
"https://www.google.com/maps/@-23.5924897,-46.8000515,19z",-46.8000515,-23.5924897,6264778,UI CEDRO UNIDADE DE INTERNACAO,SAO PAULO,355030,"RODOVIA RAPOSO TAVARES, 195 - SAO PAULO, SP - CEP 5577300","Rodovia Raposo Tavares, 19-5 - Parque Ipe, São Paulo - SP, 05571-010, Brazil",street_number,gmaps_prob1,4
"https://www.google.com/maps/@-23.5924897,-46.8000515,19z",-46.8000515,-23.5924897,6264867,UI NOVA AROEIRA UNIDADE DE INTERNACAO,SAO PAULO,355030,"RODOVIA RAPOSO TAVARES, 195 - SAO PAULO, SP - CEP 5577300","Rodovia Raposo Tavares, 19-5 - Parque Ipe, São Paulo - SP, 05571-010, Brazil",street_number,gmaps_prob1,4
"https://www.google.com/maps/@-23.5924897,-46.8000515,19z",-46.8000515,-23.5924897,6264786,UI IPE UNIDADE DE INTERNACAO,SAO PAULO,355030,"RODOVIA RAPOSO TAVARES, 195 - SAO PAULO, SP - CEP 5577300","Rodovia Raposo Tavares, 19-5 - Parque Ipe, São Paulo - SP, 05571-010, Brazil",street_number,gmaps_prob1,4
"https://www.google.com/maps/@-23.5924897,-46.8000515,19z",-46.8000515,-23.5924897,6264859,UI NOGUEIRA UNIDADE DE INTERNACAO,SAO PAULO,355030,"RODOVIA RAPOSO TAVARES, 195 - SAO PAULO, SP - CEP 5577300","Rodovia Raposo Tavares, 19-5 - Parque Ipe, São Paulo - SP, 05571-010, Brazil",street_number,gmaps_prob1,4
"https://www.google.com/maps/@-23.5924897,-46.8000515,19z",-46.8000515,-23.5924897,6264638,NAISA RAPOSO TAVARES NUCLEO DE ATENCAO INTEGRAL A SAUDE DO,SAO PAULO,355030,"RODOVIA RAPOSO TAVARES, 195 - SAO PAULO, SP - CEP 5577300","Rodovia Raposo Tavares, 19-5 - Parque Ipe, São Paulo - SP, 05571-010, Brazil",street_number,gmaps_prob1,4
"https://www.google.com/maps/@-23.6286326,-46.6461901,19z",-46.6461901,-23.6286326,7079648,SAE DST AIDS CECI,SAO PAULO,355030,"AV CECI, 2235 - SAO PAULO, SP - CEP 4065004","Av. Ceci, 2235 - Planalto Paulista, São Paulo - SP, 04065-004, Brazil",street_number,gmaps_prob1,3
"https://www.google.com/maps/@-23.6286326,-46.6461901,19z",-46.6461901,-23.6286326,9026525,CEO TIPO I VILA MARIANA,SAO PAULO,355030,"AV CECI, 2235 - SAO PAULO, SP - CEP 4065004","Av. Ceci, 2235 - Planalto Paulista, São Paulo - SP, 04065-004, Brazil",street_number,gmaps_prob1,3
"https://www.google.com/maps/@-23.6286326,-46.6461901,19z",-46.6461901,-23.6286326,7736878,CER II VILA MARIANA,SAO PAULO,355030,"AV CECI, 2235 - SAO PAULO, SP - CEP 4065004","Av. Ceci, 2235 - Planalto Paulista, São Paulo - SP, 04065-004, Brazil",street_number,gmaps_prob1,3
"https://www.google.com/maps/@-23.6286326,-46.6461901,19z",-46.6461901,-23.6286326,2751844,AMB ESPEC DR ALEXANDRE K YASBECK CECI CEO TIPO I,SAO PAULO,355030,"AV CECI, 2235 - SAO PAULO, SP - CEP 4065004","Av. Ceci, 2235 - Planalto Paulista, São Paulo - SP, 04065-004, Brazil",street_number,gmaps_prob1,3
"https://www.google.com/maps/@-23.5511181,-46.6282772,19z",-46.6282772,-23.5511181,5636469,AMA SE,SAO PAULO,355030,"RUA FREDERICO ALVARENGA, 303 - SAO PAULO, SP - CEP 1020030","R. Frederico Alvarenga, 303 - Sé, São Paulo - SP, 01020-030, Brazil",street_number,gmaps_prob1,3
"https://www.google.com/maps/@-23.5510565,-46.628234,19z",-46.628234,-23.5510565,2786664,CR ST ANDRE GRABOIS,SAO PAULO,355030,"RUA FREDERICO ALVARENGA, 259 - SAO PAULO, SP - CEP 1020030","R. Frederico Alvarenga, 259 - Sé, São Paulo - SP, 01020-030, Brazil",street_number,gmaps_prob1,3
"https://www.google.com/maps/@-23.5510565,-46.628234,19z",-46.628234,-23.5510565,5975220,UBS SE,SAO PAULO,355030,"RUA FREDERICO ALVARENGA, 259 - SAO PAULO, SP - CEP 1020030","R. Frederico Alvarenga, 259 - Sé, São Paulo - SP, 01020-030, Brazil",street_number,gmaps_prob1,3
"https://www.google.com/maps/@-23.5510565,-46.628234,19z",-46.628234,-23.5510565,3475182,UNIDADE DE MEDICINAS TRADICIONAIS CENTRO,SAO PAULO,355030,"RUA FREDERICO ALVARENGA, 259 - SAO PAULO, SP - CEP 1020030","R. Frederico Alvarenga, 259 - Sé, São Paulo - SP, 01020-030, Brazil",street_number,gmaps_prob1,3
"https://www.google.com/maps/@-23.5510579,-46.5982348,19z",-46.5982348,-23.5510579,3004775,CECCO MOOCA,SAO PAULO,355030,"RUA TAQUARI, 549 - SAO PAULO, SP - CEP 3166000","Rua Taquari, 549 - Mooca, São Paulo - SP, 03166-000, Brazil",street_number,gmaps_prob1,3
"https://www.google.com/maps/@-23.5510579,-46.5982348,19z",-46.5982348,-23.5510579,2042258,UBS MOOCA I,SAO PAULO,355030,"RUA TAQUARI, 549 - SAO PAULO, SP - CEP 3166000","Rua Taquari, 549 - Mooca, São Paulo - SP, 03166-000, Brazil",street_number,gmaps_prob1,3
"https://www.google.com/maps/@-23.5510579,-46.5982348,19z",-46.5982348,-23.5510579,3117030,AACD MOOCA,SAO PAULO,355030,"RUA TAQUARI, 549 - SAO PAULO, SP - CEP 3166000","Rua Taquari, 549 - Mooca, São Paulo - SP, 03166-000, Brazil",street_number,gmaps_prob1,3
"https://www.google.com/maps/@-23.5510579,-46.5982348,19z",-46.5982348,-23.5510579,7045212,CENTRO DE TESTAGEM E ACONSELHAMENTO EM DST AIDS CTA MOOCA,SAO PAULO,355030,"RUA TAQUARI, 549 - SAO PAULO, SP - CEP 3166000","Rua Taquari, 549 - Mooca, São Paulo - SP, 03166-000, Brazil",street_number,gmaps_prob1,3
"https://www.google.com/maps/@-23.5305577,-46.5935736,19z",-46.5935736,-23.5305577,6264999,UI SAO PAULO UNIDADE DE INTERNACAO,SAO PAULO,355030,"AVENIDA CONDESSA ELIZABETE ROBIANO, 450 - SAO PAULO, SP - CEP 3074000","Av. Condessa Elizabeth de Robiano, 450 - Tatuapé, São Paulo - SP, 01142-300, Brazil",street_number,gmaps_prob1,3
"https://www.google.com/maps/@-23.5305577,-46.5935736,19z",-46.5935736,-23.5305577,6264689,UI ABAETE UNIDADE DE INTERNACAO,SAO PAULO,355030,"AV CONDESSA ELIZABETE ROBIANO, 450 - SAO PAULO, SP - CEP 3074000","Av. Condessa Elizabeth de Robiano, 450 - Tatuapé, São Paulo - SP, 01142-300, Brazil",street_number,gmaps_prob1,3
"https://www.google.com/maps/@-23.5305577,-46.5935736,19z",-46.5935736,-23.5305577,6264646,NAISA VILA MARIA NUCLEO DE ATENCAO INTEG A SAUDE DO ADOLESCE,SAO PAULO,355030,"AV CONDESSA ELIZABETE ROBIANO, 450 - SAO PAULO, SP - CEP 3074000","Av. Condessa Elizabeth de Robiano, 450 - Tatuapé, São Paulo - SP, 01142-300, Brazil",street_number,gmaps_prob1,3
"https://www.google.com/maps/@-23.5305577,-46.5935736,19z",-46.5935736,-23.5305577,6264700,UI BELA VISTA UNIDADE DE INTERNACAO,SAO PAULO,355030,"AV CONDESSA ELIZABETE ROBIANO, 450 - SAO PAULO, SP - CEP 3074000","Av. Condessa Elizabeth de Robiano, 450 - Tatuapé, São Paulo - SP, 01142-300, Brazil",street_number,gmaps_prob1,3
"https://www.google.com/maps/@-23.5822951,-46.582716,19z",-46.582716,-23.5822951,3359131,UBS VILA PRUDENTE,SAO PAULO,355030,"PCA CENTENARIO DE VILA PRUDENTE, 108 - SAO PAULO, SP - CEP 3132050","Praça Centenário de Vila Prudente, 108 - Vila Prudente, São Paulo - SP, 03132-050, Brazil",street_number,gmaps_prob1,3
"https://www.google.com/maps/@-23.5822951,-46.582716,19z",-46.582716,-23.5822951,7136625,SAE VILA PRUDENTE SHIRLEI MARIOTTI GOMES COELHO,SAO PAULO,355030,"PRACA CENTENARIO DE VILA PRUDENTE, 108 - SAO PAULO, SP - CEP 3132050","Praça Centenário de Vila Prudente, 108 - Vila Prudente, São Paulo - SP, 03132-050, Brazil",street_number,gmaps_prob1,3
"https://www.google.com/maps/@-23.5822951,-46.582716,19z",-46.582716,-23.5822951,2751852,HOSPITAL DIA DA REDE HORA CERTA VILA PRUDENTE,SAO PAULO,355030,"PRACA CENTENARIO DE VILA PRUDENTE, 108 - SAO PAULO, SP - CEP 3132050","Praça Centenário de Vila Prudente, 108 - Vila Prudente, São Paulo - SP, 03132-050, Brazil",street_number,gmaps_prob1,3
"https://www.google.com/maps/@-23.5822951,-46.582716,19z",-46.582716,-23.5822951,7641982,CER II VILA PRUDENTE,SAO PAULO,355030,"PRACA CENTENARIO DE VILA PRUDENTE, 108 - SAO PAULO, SP - CEP 3132050","Praça Centenário de Vila Prudente, 108 - Vila Prudente, São Paulo - SP, 03132-050, Brazil",street_number,gmaps_prob1,3
"https://www.google.com/maps/@-23.6116204,-46.4934267,19z",-46.4934267,-23.6116204,7641990,CER III SAPOPEMBA,SAO PAULO,355030,"RUA JOAO LOPES DE LIMA, 1151 - SAO PAULO, SP - CEP 3976020","R. João Lopes de Lima, 1151 - Jardim Sapopemba, São Paulo - SP, 03976-020, Brazil",street_number,gmaps_prob1,4
"https://www.google.com/maps/@-23.6116204,-46.4934267,19z",-46.4934267,-23.6116204,2787822,UBS JARDIM SAPOPEMBA,SAO PAULO,355030,"RUA JOAO LOPES DE LIMA, 1151 - SAO PAULO, SP - CEP 3976020","R. João Lopes de Lima, 1151 - Jardim Sapopemba, São Paulo - SP, 03976-020, Brazil",street_number,gmaps_prob1,4
"https://www.google.com/maps/@-23.6116204,-46.4934267,19z",-46.4934267,-23.6116204,6144055,AMA SAPOPEMBA,SAO PAULO,355030,"RUA JOAO LOPES DE LIMA, 1151 - SAO PAULO, SP - CEP 3976020","R. João Lopes de Lima, 1151 - Jardim Sapopemba, São Paulo - SP, 03976-020, Brazil",street_number,gmaps_prob1,4
"https://www.google.com/maps/@-23.6116204,-46.4934267,19z",-46.4934267,-23.6116204,2751968,AMBULATORIO ESPECIALIDADES SAPOPEMBA CEO TIPO I,SAO PAULO,355030,"RUA JOAO LOPES DE LIMA, 1151 - SAO PAULO, SP - CEP 3976020","R. João Lopes de Lima, 1151 - Jardim Sapopemba, São Paulo - SP, 03976-020, Brazil",street_number,gmaps_prob1,4
"https://www.google.com/maps/@-23.6116204,-46.4934267,19z",-46.4934267,-23.6116204,9021701,CEO II VILA PRUDENTE,SAO PAULO,355030,"RUA JOAO LOPES DE LIMA, 1151 - SAO PAULO, SP - CEP 3976020","R. João Lopes de Lima, 1151 - Jardim Sapopemba, São Paulo - SP, 03976-020, Brazil",street_number,gmaps_prob1,4
"https://www.google.com/maps/@-23.6116204,-46.4934267,19z",-46.4934267,-23.6116204,2751968,AMBULATORIO ESPECIALIDADES SAPOPEMBA,SAO PAULO,355030,"RUA JOAO LOPES DE LIMA, 1151 - SAO PAULO, SP - CEP 3976020","R. João Lopes de Lima, 1151 - Jardim Sapopemba, São Paulo - SP, 03976-020, Brazil",street_number,gmaps_prob1,4
"https://www.google.com/maps/@-23.6116204,-46.4934267,19z",-46.4934267,-23.6116204,9021701,CEO II SAPOPEMBA,SAO PAULO,355030,"RUA JOAO LOPES DE LIMA, 1151 - SAO PAULO, SP - CEP 3976020","R. João Lopes de Lima, 1151 - Jardim Sapopemba, São Paulo - SP, 03976-020, Brazil",street_number,gmaps_prob1,4
"https://www.google.com/maps/@-2.521803,-44.2479161,19z",-44.2479161,-2.521803,9028013,CENTRO INTEGRADO DE ASSISTENCIA MEDICA SOCIAL E SAUDE CIAMS,SAO LUIS,211130,"AV JERONIMO DE ALBUQUERQUE, S/N - SAO LUIS, MA - CEP 65074220","Av. Jerônimo de Albuquerque, São Luís - MA, Brazil",route,gmaps_prob1,3
"https://www.google.com/maps/@-2.521803,-44.2479161,19z",-44.2479161,-2.521803,2310015,PRO RENAL,SAO LUIS,211130,"AV JERONIMO DE ALBUQUERQUE, S/N - SAO LUIS, MA - CEP 65074220","Av. Jerônimo de Albuquerque, São Luís - MA, Brazil",route,gmaps_prob1,3
"https://www.google.com/maps/@-2.521803,-44.2479161,19z",-44.2479161,-2.521803,2309254,MATERNIDADE DA COHABMATERNIDADE MARLY SARNEY,SAO LUIS,211130,"AVENIDA JERONIMO DE ALBUQUERQUE, S/N - SAO LUIS, MA - CEP 65051210","Av. Jerônimo de Albuquerque, São Luís - MA, Brazil",route,gmaps_prob1,3
"https://www.google.com/maps/@-2.521803,-44.2479161,19z",-44.2479161,-2.521803,2464594,HOSPITAL DE REF EST DE ALTA COMPLEXIDADE DR CARLOS MACIEIRA,SAO LUIS,211130,"AV JERONIMO DE ALBUQUERQUE, S/N - SAO LUIS, MA - CEP 65070220","Av. Jerônimo de Albuquerque, São Luís - MA, Brazil",route,gmaps_prob1,3
"https://www.google.com/maps/@-19.9385579,-43.9126058,19z",-43.9126058,-19.9385579,0026808,HOSPITAL EVANGELICO DE BELO HORIZONTE,BELO HORIZONTE,310620,"R DR ALIPIO GOULART, 25 - BELO HORIZONTE, MG - CEP 30220330","Rua Dr. Alípio Goulart, 25 - Serra, Belo Horizonte - MG, 30220-420, Brazil",street_number,gmaps_prob1,3
"https://www.google.com/maps/@-19.9385579,-43.9126058,19z",-43.9126058,-19.9385579,7906951,HMI HEMODINAMICA E MEDICINA INTEWRVENCIONISTA LTDA,BELO HORIZONTE,310620,"RUA DR ALIPIO GOULART, 25 - BELO HORIZONTE, MG - CEP 30220330","Rua Dr. Alípio Goulart, 25 - Serra, Belo Horizonte - MG, 30220-420, Brazil",street_number,gmaps_prob1,3
"https://www.google.com/maps/@-19.9385579,-43.9126058,19z",-43.9126058,-19.9385579,3259676,MARCO ANTONIO DIAS,BELO HORIZONTE,310620,"RUA ALIPIO GOULART, 25 - BELO HORIZONTE, MG - CEP 30220330","Rua Dr. Alípio Goulart, 25 - Serra, Belo Horizonte - MG, 30220-420, Brazil",street_number,gmaps_prob1,3
"https://www.google.com/maps/@-19.9385579,-43.9126058,19z",-43.9126058,-19.9385579,3295826,MICRA BIOTECNOLOGIA LABORATORIO DE ANALISES CLINICAS LTDA,BELO HORIZONTE,310620,"RUA DR ALIPIO GOULART, 25 - BELO HORIZONTE, MG - CEP 30220330","Rua Dr. Alípio Goulart, 25 - Serra, Belo Horizonte - MG, 30220-420, Brazil",street_number,gmaps_prob1,3
"https://www.google.com/maps/@-19.9385579,-43.9126058,19z",-43.9126058,-19.9385579,7906951,HMI HEMODINAMICA E MEDICINA INTERVENCIONISTA,BELO HORIZONTE,310620,"RUA DR ALIPIO GOULART, 25 - BELO HORIZONTE, MG - CEP 30220330","Rua Dr. Alípio Goulart, 25 - Serra, Belo Horizonte - MG, 30220-420, Brazil",street_number,gmaps_prob1,3
"https://www.google.com/maps/@-22.8415808,-43.4838315,19z",-43.4838315,-22.8415808,2271338,SEAP CGSP RJ AMB CASA DE CUSTODIA JORGE SANTANNA,RIO DE JANEIRO,330455,"ESTRADA GENERAL EMILIO MAURELL FILHO, 1300 - RIO DE JANEIRO, RJ - CEP 21854010","Estr. Gen. Emílio Maurell Filho, 1300 - Gericinó, Rio de Janeiro - RJ, 21853-001, Brazil",street_number,gmaps_prob1,3
"https://www.google.com/maps/@-22.8415808,-43.4838315,19z",-43.4838315,-22.8415808,2271346,SEAP CGSP RJ AMB CASA DE CUST PEDRO MELO DA SILVA,RIO DE JANEIRO,330455,"ESTADA GENERAL EMILIO MAURELL FILHO, 1300 - RIO DE JANEIRO, RJ - CEP 21854010","Estr. Gen. Emílio Maurell Filho, 1300 - Gericinó, Rio de Janeiro - RJ, 21853-001, Brazil",street_number,gmaps_prob1,3
"https://www.google.com/maps/@-22.8415296,-43.4837063,19z",-43.4837063,-22.8415296,2270188,SEAP CGSP RJ CENTRO TRAT EM DEPEND QUIMICA ROBERTO MEDEIROS,RIO DE JANEIRO,330455,"ESTRADA GENERAL EMILIO MAURELL FILHO, 1100 - RIO DE JANEIRO, RJ - CEP 21854010","Estr. Gen. Emílio Maurell Filho, 1100 - Gericinó, Rio de Janeiro - RJ, 21854, Brazil",street_number,gmaps_prob1,3
"https://www.google.com/maps/@-22.8415296,-43.4837063,19z",-43.4837063,-22.8415296,2270161,SEAP CGSP RJ HOSP DR HAMILTON AGOSTINHO VIEIRA CASTRO,RIO DE JANEIRO,330455,"ESTRADA GENERAL EMILIO MAURELL FILHO, 1100 - RIO DE JANEIRO, RJ - CEP 21854010","Estr. Gen. Emílio Maurell Filho, 1100 - Gericinó, Rio de Janeiro - RJ, 21854, Brazil",street_number,gmaps_prob1,3
"https://www.google.com/maps/@-22.8815773,-43.4652514,19z",-43.4652514,-22.8815773,5184932,AMO ULTRA SOM,RIO DE JANEIRO,330455,"PRACA DA FE, 20 - RIO DE JANEIRO, RJ - CEP 21810020","Praça da Fé, 20 - Bangu, Rio de Janeiro - RJ, 21810-020, Brazil",street_number,gmaps_prob1,3
"https://www.google.com/maps/@-22.8815773,-43.4652514,19z",-43.4652514,-22.8815773,7698313,AMO RX,RIO DE JANEIRO,330455,"PRACA DA FE, 20 - RIO DE JANEIRO, RJ - CEP 21810020","Praça da Fé, 20 - Bangu, Rio de Janeiro - RJ, 21810-020, Brazil",street_number,gmaps_prob1,3
"https://www.google.com/maps/@-22.8815773,-43.4652514,19z",-43.4652514,-22.8815773,7698585,A M P SERVICOS MEDICOS,RIO DE JANEIRO,330455,"DA FE, 20 - RIO DE JANEIRO, RJ - CEP 21810020","Praça da Fé, 20 - Bangu, Rio de Janeiro - RJ, 21810-020, Brazil",street_number,gmaps_prob1,3
"https://www.google.com/maps/@-22.8815773,-43.4652514,19z",-43.4652514,-22.8815773,9491473,CEDIR CENTRO DE DIAGNOSTICOS AVANCADOS RECREIO,RIO DE JANEIRO,330455,"PRACA DA FE, 20 - RIO DE JANEIRO, RJ - CEP 21810020","Praça da Fé, 20 - Bangu, Rio de Janeiro - RJ, 21810-020, Brazil",street_number,gmaps_prob1,3
"https://www.google.com/maps/@-22.8284473,-43.0543496,19z",-43.05434959999999,-22.8284473,2291533,POLO SANITARIO DR WASHINGTON LUIZ,SAO GONCALO,330490,"PRACA ESTEPHANIA DE CARVALHO, S/N - SAO GONCALO, RJ - CEP 24440190","praça - R. Estefânia de Carvalho - Ze Garoto, São Gonçalo - RJ, 24440-225, Brazil",route,gmaps_prob1,4
"https://www.google.com/maps/@-22.8284473,-43.0543496,19z",-43.05434959999999,-22.8284473,2297310,HEMONUCLEO,SAO GONCALO,330490,"PRACA ESTEFANIA DE CARVALHO, S/N - SAO GONCALO, RJ - CEP 24440400","praça - R. Estefânia de Carvalho - Ze Garoto, São Gonçalo - RJ, 24440-225, Brazil",route,gmaps_prob1,4
"https://www.google.com/maps/@-22.8284473,-43.0543496,19z",-43.05434959999999,-22.8284473,2696746,PRONTO SOCORRO CENTRAL DR ARMANDO GOMES DE SA COUTO,SAO GONCALO,330490,"PRACA ESTEPHANIA DE CARVALHO, S/N - SAO GONCALO, RJ - CEP 24440400","praça - R. Estefânia de Carvalho - Ze Garoto, São Gonçalo - RJ, 24440-225, Brazil",route,gmaps_prob1,4
"https://www.google.com/maps/@-22.8284473,-43.0543496,19z",-43.05434959999999,-22.8284473,2704595,HOSPITAL INFANTIL DARCY VARGAS,SAO GONCALO,330490,"PRACA ESTEPHANIA DE CARVALHO, S/N - SAO GONCALO, RJ - CEP 24440190","praça - R. Estefânia de Carvalho - Ze Garoto, São Gonçalo - RJ, 24440-225, Brazil",route,gmaps_prob1,4
"https://www.google.com/maps/@-22.8284473,-43.0543496,19z",-43.05434959999999,-22.8284473,2292084,HOSPITAL DR LUIZ PALMIER,SAO GONCALO,330490,"PRACA ESTEPHANIA DE CARVALHO, S/N - SAO GONCALO, RJ - CEP 24740000","praça - R. Estefânia de Carvalho - Ze Garoto, São Gonçalo - RJ, 24440-225, Brazil",route,gmaps_prob1,4
"https://www.google.com/maps/@-22.8284473,-43.0543496,19z",-43.05434959999999,-22.8284473,2704595,HOSPITAL INFANTIL DARCY SOUZA VARGAS,SAO GONCALO,330490,"PRACA ESTEPHANIA DE CARVALHO, S/N - SAO GONCALO, RJ - CEP 24440190","praça - R. Estefânia de Carvalho - Ze Garoto, São Gonçalo - RJ, 24440-225, Brazil",route,gmaps_prob1,4
